provider_id,provider_name,provider_type,specialty,state,network_status
PRV000001,Heritage Medical Clinic,Clinic,Primary Care,IN,Out-of-Network
PRV000002,Dr. Quinn Bennett,Physician,Primary Care,OH,In-Network
PRV000003,Dr. Casey Ellis,Physician,Gastroenterology,OR,Out-of-Network
PRV000004,Blue Ridge Urgent Care,Urgent Care,Urgent Care,AL,Out-of-Network
PRV000005,Pioneer Medical Clinic,Clinic,Multi-Specialty,SC,In-Network
PRV000006,Dr. Hayden Jordan,Physician,Neurology,CA,In-Network
PRV000007,Pioneer Medical Center,Hospital,General Acute Care,NC,Out-of-Network
PRV000008,Dr. Emerson Carter,Physician,Cardiology,PA,In-Network
PRV000009,Dr. Casey Bennett,Physician,Neurology,PA,In-Network
PRV000010,Dr. Rowan Hayes,Physician,Pulmonology,OH,In-Network
PRV000011,Northstar Imaging Center,Imaging Center,Diagnostic Imaging,IA,In-Network
PRV000012,Evergreen Surgery Center,Ambulatory Surgical Center,Ambulatory Surgery,TX,Out-of-Network
PRV000013,Dr. Quinn Lewis,Physician,Primary Care,GA,In-Network
PRV000014,Dr. Morgan Jordan,Physician,Pulmonology,CA,In-Network
PRV000015,Dr. Jordan Grant,Physician,OB/GYN,TX,In-Network
PRV000016,Dr. Avery King,Physician,Primary Care,MN,In-Network
PRV000017,Dr. Cameron Bennett,Physician,Pediatrics,IL,In-Network
PRV000018,Pioneer Imaging Center,Imaging Center,Diagnostic Imaging,AZ,In-Network
PRV000019,Westfield Urgent Care,Urgent Care,Urgent Care,CA,In-Network
PRV000020,Dr. Parker Grant,Physician,OB/GYN,IA,In-Network
PRV000021,Dr. Riley Hayes,Physician,Endocrinology,CT,In-Network
PRV000022,Heritage Clinical Laboratory,Laboratory,Clinical Laboratory,PA,In-Network
PRV000023,Blue Ridge Medical Clinic,Clinic,Women's Health,NJ,In-Network
PRV000024,Heritage Clinical Laboratory,Laboratory,Clinical Laboratory,CA,In-Network
PRV000025,Evergreen Imaging Center,Imaging Center,Diagnostic Imaging,NV,In-Network
PRV000026,Dr. Reese Irwin,Physician,Orthopedics,FL,In-Network
PRV000027,Dr. Reese Jordan,Physician,Cardiology,IN,In-Network
PRV000028,Pioneer Medical Center,Hospital,General Acute Care,OR,In-Network
PRV000029,Dr. Rowan Adams,Physician,Pulmonology,FL,In-Network
PRV000030,Dr. Riley Grant,Physician,Primary Care,FL,Out-of-Network
PRV000031,Dr. Jordan Irwin,Physician,OB/GYN,MA,Out-of-Network
PRV000032,Summit Medical Clinic,Clinic,Multi-Specialty,MA,In-Network
PRV000033,Dr. Reese Davis,Physician,Orthopedics,WI,In-Network
PRV000034,Dr. Emerson Nelson,Physician,Gastroenterology,FL,Out-of-Network
PRV000035,Riverside Medical Clinic,Clinic,Primary Care,CA,In-Network
PRV000036,Dr. Hayden Hayes,Physician,Primary Care,MI,In-Network
PRV000037,Dr. Avery Nelson,Physician,Dermatology,FL,In-Network
PRV000038,Dr. Blake Price,Physician,OB/GYN,PA,In-Network
PRV000039,Dr. Emerson Nelson,Physician,OB/GYN,IL,In-Network
PRV000040,Dr. Avery Jordan,Physician,Primary Care,TX,In-Network
PRV000041,Dr. Casey Bennett,Physician,Gastroenterology,CA,In-Network
PRV000042,Dr. Blake Davis,Physician,Pediatrics,GA,In-Network
PRV000043,Blue Ridge Medical Clinic,Clinic,Pediatrics,NJ,Out-of-Network
PRV000044,Dr. Emerson Bennett,Physician,Primary Care,TX,In-Network
PRV000045,Westfield Medical Clinic,Clinic,Primary Care,TX,In-Network
PRV000046,Dr. Riley Davis,Physician,Neurology,PA,In-Network
PRV000047,Dr. Riley Foster,Physician,Neurology,NY,In-Network
PRV000048,Evergreen Surgery Center,Ambulatory Surgical Center,Ambulatory Surgery,TX,Out-of-Network
PRV000049,Dr. Drew Ellis,Physician,Neurology,MO,In-Network
PRV000050,Dr. Drew Grant,Physician,Neurology,CA,In-Network
PRV000051,Dr. Blake Foster,Physician,Dermatology,NC,Out-of-Network
PRV000052,Dr. Taylor Morris,Physician,Endocrinology,NJ,In-Network
PRV000053,Northstar Medical Clinic,Clinic,Multi-Specialty,IA,In-Network
PRV000054,Dr. Casey Price,Physician,Pulmonology,NY,In-Network
PRV000055,Dr. Casey Jordan,Physician,Neurology,CA,In-Network
PRV000056,Evergreen Urgent Care,Urgent Care,Urgent Care,IL,In-Network
PRV000057,Dr. Hayden Davis,Physician,Pediatrics,FL,In-Network
PRV000058,Gateway Medical Clinic,Clinic,Multi-Specialty,PA,In-Network
PRV000059,Oak Valley Urgent Care,Urgent Care,Urgent Care,AK,In-Network
PRV000060,Riverside Medical Center,Hospital,General Acute Care,MI,In-Network
PRV000061,Westfield Surgery Center,Ambulatory Surgical Center,Ambulatory Surgery,MI,In-Network
PRV000062,Dr. Hayden Price,Physician,Primary Care,FL,In-Network
PRV000063,Dr. Emerson Price,Physician,Dermatology,TX,In-Network
PRV000064,Dr. Skyler Hayes,Physician,Orthopedics,AZ,In-Network
PRV000065,Dr. Rowan Ellis,Physician,Pediatrics,LA,In-Network
PRV000066,Oak Valley Medical Clinic,Clinic,Primary Care,NY,Out-of-Network
PRV000067,Heritage Medical Clinic,Clinic,Primary Care,CA,In-Network
PRV000068,Blue Ridge Surgery Center,Ambulatory Surgical Center,Ambulatory Surgery,IL,In-Network
PRV000069,Summit Urgent Care,Urgent Care,Urgent Care,NC,In-Network
PRV000070,Dr. Blake Carter,Physician,Pulmonology,NV,Out-of-Network
PRV000071,Dr. Blake Price,Physician,Cardiology,MD,In-Network
PRV000072,Dr. Parker Lewis,Physician,Primary Care,WI,In-Network
PRV000073,Heritage Clinical Laboratory,Laboratory,Clinical Laboratory,AR,Out-of-Network
PRV000074,Gateway Surgery Center,Ambulatory Surgical Center,Ambulatory Surgery,IN,In-Network
PRV000075,Lakeside Medical Clinic,Clinic,Women's Health,TX,In-Network
PRV000076,Cedar Grove Medical Clinic,Clinic,Primary Care,IN,In-Network
PRV000077,Northstar Urgent Care,Urgent Care,Urgent Care,TX,In-Network
PRV000078,Cedar Grove Medical Clinic,Clinic,Multi-Specialty,TX,In-Network
PRV000079,Evergreen Medical Clinic,Clinic,Pediatrics,OH,In-Network
PRV000080,Dr. Casey Nelson,Physician,Primary Care,TX,In-Network
PRV000081,Dr. Reese Nelson,Physician,Orthopedics,NM,In-Network
PRV000082,Dr. Hayden Adams,Physician,Orthopedics,MN,In-Network
PRV000083,Northstar Surgery Center,Ambulatory Surgical Center,Ambulatory Surgery,MD,In-Network
PRV000084,Northstar Medical Clinic,Clinic,Multi-Specialty,PA,In-Network
PRV000085,Lakeside Urgent Care,Urgent Care,Urgent Care,OR,In-Network
PRV000086,Dr. Blake Jordan,Physician,Pediatrics,NY,In-Network
PRV000087,Dr. Casey Owens,Physician,Cardiology,TX,In-Network
PRV000088,Heritage Medical Clinic,Clinic,Pediatrics,FL,Out-of-Network
PRV000089,Cedar Grove Medical Clinic,Clinic,Multi-Specialty,PA,In-Network
PRV000090,Dr. Hayden Grant,Physician,Pulmonology,FL,In-Network
PRV000091,Westfield Clinical Laboratory,Laboratory,Clinical Laboratory,NY,Out-of-Network
PRV000092,Dr. Morgan Price,Physician,Endocrinology,CT,In-Network
PRV000093,Gateway Medical Clinic,Clinic,Multi-Specialty,TN,In-Network
PRV000094,Dr. Taylor Price,Physician,Dermatology,CA,In-Network
PRV000095,Dr. Reese Davis,Physician,Cardiology,MO,In-Network
PRV000096,Summit Imaging Center,Imaging Center,Diagnostic Imaging,WI,In-Network
PRV000097,Heritage Medical Clinic,Clinic,Women's Health,TX,In-Network
PRV000098,Dr. Jordan King,Physician,Gastroenterology,CO,In-Network
PRV000099,Lakeside Medical Center,Hospital,General Acute Care,GA,In-Network
PRV000100,Cedar Grove Medical Center,Hospital,General Acute Care,MN,Out-of-Network
PRV000101,Dr. Avery Carter,Physician,Pediatrics,CA,In-Network
PRV000102,Oak Valley Clinical Laboratory,Laboratory,Clinical Laboratory,NY,In-Network
PRV000103,Evergreen Imaging Center,Imaging Center,Diagnostic Imaging,IA,In-Network
PRV000104,Dr. Rowan Davis,Physician,Endocrinology,OR,In-Network
PRV000105,Summit Medical Center,Hospital,General Acute Care,WI,In-Network
PRV000106,Dr. Riley Price,Physician,Neurology,MO,In-Network
PRV000107,Dr. Avery Price,Physician,Primary Care,HI,In-Network
PRV000108,Lakeside Medical Center,Hospital,General Acute Care,MO,In-Network
PRV000109,Heritage Clinical Laboratory,Laboratory,Clinical Laboratory,SC,Out-of-Network
PRV000110,Dr. Rowan Carter,Physician,OB/GYN,VA,Out-of-Network
PRV000111,Dr. Riley Davis,Physician,Orthopedics,NY,In-Network
PRV000112,Dr. Quinn Irwin,Physician,Neurology,VA,In-Network
PRV000113,Dr. Drew Davis,Physician,Orthopedics,TX,In-Network
PRV000114,Lakeside Medical Clinic,Clinic,Primary Care,AR,In-Network
PRV000115,Heritage Clinical Laboratory,Laboratory,Clinical Laboratory,CA,In-Network
PRV000116,Lakeside Medical Center,Hospital,General Acute Care,NV,In-Network
PRV000117,Summit Surgery Center,Ambulatory Surgical Center,Ambulatory Surgery,AR,In-Network
PRV000118,Gateway Medical Center,Hospital,General Acute Care,NY,In-Network
PRV000119,Dr. Quinn Nelson,Physician,Endocrinology,FL,In-Network
PRV000120,Gateway Imaging Center,Imaging Center,Diagnostic Imaging,TX,Out-of-Network
PRV000121,Blue Ridge Medical Clinic,Clinic,Multi-Specialty,WA,Out-of-Network
PRV000122,Dr. Cameron Morris,Physician,Neurology,GA,In-Network
PRV000123,Oak Valley Medical Clinic,Clinic,Women's Health,IN,Out-of-Network
PRV000124,Summit Medical Center,Hospital,General Acute Care,CA,In-Network
PRV000125,Summit Medical Clinic,Clinic,Pediatrics,TN,Out-of-Network
PRV000126,Dr. Jordan Adams,Physician,Pediatrics,FL,In-Network
PRV000127,Heritage Clinical Laboratory,Laboratory,Clinical Laboratory,CA,In-Network
PRV000128,Dr. Blake Carter,Physician,OB/GYN,TN,In-Network
PRV000129,Dr. Skyler Grant,Physician,Endocrinology,AL,Out-of-Network
PRV000130,Riverside Clinical Laboratory,Laboratory,Clinical Laboratory,WI,In-Network
PRV000131,Northstar Imaging Center,Imaging Center,Diagnostic Imaging,MA,In-Network
PRV000132,Westfield Medical Clinic,Clinic,Women's Health,CA,In-Network
PRV000133,Dr. Reese Foster,Physician,Pulmonology,AL,In-Network
PRV000134,Dr. Skyler Carter,Physician,Primary Care,MS,In-Network
PRV000135,Dr. Morgan Davis,Physician,OB/GYN,NC,In-Network
PRV000136,Dr. Taylor Morris,Physician,OB/GYN,WI,In-Network
PRV000137,Dr. Taylor Jordan,Physician,Dermatology,AR,In-Network
PRV000138,Riverside Urgent Care,Urgent Care,Urgent Care,KY,In-Network
PRV000139,Dr. Morgan Price,Physician,Pulmonology,UT,Out-of-Network
PRV000140,Dr. Riley Morris,Physician,Cardiology,OH,In-Network
PRV000141,Dr. Emerson Carter,Physician,Primary Care,AL,In-Network
PRV000142,Gateway Medical Clinic,Clinic,Pediatrics,OH,In-Network
PRV000143,Dr. Hayden Nelson,Physician,Primary Care,MN,In-Network
PRV000144,Dr. Skyler Jordan,Physician,OB/GYN,TX,In-Network
PRV000145,Blue Ridge Imaging Center,Imaging Center,Diagnostic Imaging,MI,In-Network
PRV000146,Summit Medical Clinic,Clinic,Multi-Specialty,CA,In-Network
PRV000147,Westfield Clinical Laboratory,Laboratory,Clinical Laboratory,GA,In-Network
PRV000148,Dr. Rowan Owens,Physician,Gastroenterology,NH,In-Network
PRV000149,Riverside Urgent Care,Urgent Care,Urgent Care,IL,Out-of-Network
PRV000150,Dr. Jordan Price,Physician,Neurology,FL,In-Network
PRV000151,Oak Valley Medical Clinic,Clinic,Pediatrics,CA,In-Network
PRV000152,Riverside Urgent Care,Urgent Care,Urgent Care,IN,In-Network
PRV000153,Dr. Quinn Owens,Physician,Endocrinology,LA,In-Network
PRV000154,Dr. Taylor Carter,Physician,Orthopedics,IA,In-Network
PRV000155,Northstar Medical Clinic,Clinic,Multi-Specialty,CA,In-Network
PRV000156,Dr. Riley Price,Physician,Pulmonology,TN,In-Network
PRV000157,Dr. Morgan Bennett,Physician,Orthopedics,WA,In-Network
PRV000158,Evergreen Medical Clinic,Clinic,Primary Care,IL,In-Network
PRV000159,Lakeside Urgent Care,Urgent Care,Urgent Care,LA,Out-of-Network
PRV000160,Pioneer Medical Clinic,Clinic,Pediatrics,IN,Out-of-Network
PRV000161,Gateway Urgent Care,Urgent Care,Urgent Care,PA,In-Network
PRV000162,Blue Ridge Imaging Center,Imaging Center,Diagnostic Imaging,VA,In-Network
PRV000163,Evergreen Imaging Center,Imaging Center,Diagnostic Imaging,ID,In-Network
PRV000164,Dr. Avery Morris,Physician,Dermatology,TX,In-Network
PRV000165,Dr. Skyler Jordan,Physician,Dermatology,FL,Out-of-Network
PRV000166,Pioneer Surgery Center,Ambulatory Surgical Center,Ambulatory Surgery,IN,In-Network
PRV000167,Dr. Parker Adams,Physician,Primary Care,GA,In-Network
PRV000168,Riverside Urgent Care,Urgent Care,Urgent Care,CA,In-Network
PRV000169,Dr. Jordan Davis,Physician,Cardiology,IL,In-Network
PRV000170,Dr. Blake King,Physician,Dermatology,NJ,In-Network
PRV000171,Dr. Rowan Hayes,Physician,Primary Care,AL,In-Network
PRV000172,Dr. Morgan Adams,Physician,Primary Care,FL,In-Network
PRV000173,Dr. Cameron Owens,Physician,OB/GYN,CA,Out-of-Network
PRV000174,Pioneer Imaging Center,Imaging Center,Diagnostic Imaging,GA,In-Network
PRV000175,Dr. Reese Morris,Physician,Gastroenterology,CA,Out-of-Network
PRV000176,Dr. Taylor Price,Physician,Orthopedics,IN,Out-of-Network
PRV000177,Dr. Jordan Ellis,Physician,OB/GYN,CA,In-Network
PRV000178,Dr. Morgan Carter,Physician,Primary Care,CO,In-Network
PRV000179,Westfield Medical Clinic,Clinic,Primary Care,NJ,Out-of-Network
PRV000180,Summit Medical Center,Hospital,General Acute Care,ID,Out-of-Network
PRV000181,Evergreen Medical Clinic,Clinic,Pediatrics,NC,In-Network
PRV000182,Dr. Avery Grant,Physician,OB/GYN,OR,In-Network
PRV000183,Lakeside Medical Center,Hospital,General Acute Care,MN,In-Network
PRV000184,Dr. Reese Bennett,Physician,Dermatology,AZ,In-Network
PRV000185,Dr. Cameron Morris,Physician,Primary Care,FL,In-Network
PRV000186,Dr. Hayden Hayes,Physician,Endocrinology,NY,Out-of-Network
PRV000187,Dr. Blake Jordan,Physician,Endocrinology,TN,In-Network
PRV000188,Dr. Parker Adams,Physician,Primary Care,PA,In-Network
PRV000189,Dr. Cameron Lewis,Physician,Neurology,AZ,In-Network
PRV000190,Dr. Parker Grant,Physician,OB/GYN,TX,In-Network
PRV000191,Dr. Cameron Irwin,Physician,Endocrinology,NY,In-Network
PRV000192,Lakeside Medical Clinic,Clinic,Primary Care,WA,In-Network
PRV000193,Blue Ridge Clinical Laboratory,Laboratory,Clinical Laboratory,PA,In-Network
PRV000194,Northstar Medical Clinic,Clinic,Primary Care,FL,In-Network
PRV000195,Cedar Grove Urgent Care,Urgent Care,Urgent Care,IL,In-Network
PRV000196,Lakeside Imaging Center,Imaging Center,Diagnostic Imaging,TX,In-Network
PRV000197,Dr. Rowan Adams,Physician,Pediatrics,WI,Out-of-Network
PRV000198,Dr. Reese Irwin,Physician,Cardiology,SC,Out-of-Network
PRV000199,Dr. Drew Adams,Physician,OB/GYN,TX,Out-of-Network
PRV000200,Westfield Urgent Care,Urgent Care,Urgent Care,LA,In-Network
PRV000201,Northstar Medical Clinic,Clinic,Multi-Specialty,GA,In-Network
PRV000202,Dr. Casey Grant,Physician,OB/GYN,SC,In-Network
PRV000203,Oak Valley Medical Center,Hospital,General Acute Care,AL,In-Network
PRV000204,Dr. Blake Hayes,Physician,Dermatology,IL,In-Network
PRV000205,Cedar Grove Surgery Center,Ambulatory Surgical Center,Ambulatory Surgery,TX,Out-of-Network
PRV000206,Summit Medical Center,Hospital,General Acute Care,NY,In-Network
PRV000207,Dr. Rowan Lewis,Physician,Cardiology,TX,In-Network
PRV000208,Cedar Grove Medical Clinic,Clinic,Women's Health,CA,In-Network
PRV000209,Northstar Medical Clinic,Clinic,Women's Health,VA,In-Network
PRV000210,Dr. Jordan Foster,Physician,Pulmonology,NV,In-Network
PRV000211,Dr. Hayden Davis,Physician,Pulmonology,TX,In-Network
PRV000212,Dr. Drew Jordan,Physician,Pediatrics,CA,In-Network
PRV000213,Riverside Medical Clinic,Clinic,Pediatrics,GA,Out-of-Network
PRV000214,Westfield Imaging Center,Imaging Center,Diagnostic Imaging,TX,In-Network
PRV000215,Dr. Drew Owens,Physician,Neurology,GA,In-Network
PRV000216,Dr. Drew Jordan,Physician,Primary Care,AL,In-Network
PRV000217,Blue Ridge Medical Clinic,Clinic,Pediatrics,NY,In-Network
PRV000218,Dr. Rowan Nelson,Physician,Dermatology,TX,In-Network
PRV000219,Dr. Avery Grant,Physician,Gastroenterology,AK,Out-of-Network
PRV000220,Dr. Jordan Grant,Physician,Pediatrics,GA,In-Network
PRV000221,Dr. Quinn Davis,Physician,Primary Care,GA,In-Network
PRV000222,Lakeside Urgent Care,Urgent Care,Urgent Care,NM,In-Network
PRV000223,Dr. Emerson Morris,Physician,Pulmonology,MO,In-Network
PRV000224,Blue Ridge Medical Center,Hospital,General Acute Care,GA,In-Network
PRV000225,Dr. Taylor Jordan,Physician,Orthopedics,MO,In-Network
PRV000226,Dr. Blake Davis,Physician,Orthopedics,KY,In-Network
PRV000227,Summit Urgent Care,Urgent Care,Urgent Care,OH,In-Network
PRV000228,Dr. Avery King,Physician,OB/GYN,CA,In-Network
PRV000229,Oak Valley Medical Center,Hospital,General Acute Care,WI,In-Network
PRV000230,Dr. Hayden Carter,Physician,OB/GYN,DE,In-Network
PRV000231,Dr. Riley Ellis,Physician,Dermatology,PA,In-Network
PRV000232,Riverside Clinical Laboratory,Laboratory,Clinical Laboratory,NJ,In-Network
PRV000233,Dr. Emerson Owens,Physician,Dermatology,TX,In-Network
PRV000234,Dr. Taylor Hayes,Physician,OB/GYN,NY,In-Network
PRV000235,Dr. Blake Ellis,Physician,Neurology,AL,In-Network
PRV000236,Dr. Avery Grant,Physician,Endocrinology,TX,Out-of-Network
PRV000237,Dr. Hayden Hayes,Physician,Gastroenterology,FL,In-Network
PRV000238,Blue Ridge Medical Clinic,Clinic,Primary Care,CA,In-Network
PRV000239,Dr. Reese Foster,Physician,Gastroenterology,WA,In-Network
PRV000240,Dr. Avery Hayes,Physician,Pediatrics,CA,In-Network
PRV000241,Dr. Morgan Carter,Physician,Pediatrics,IN,In-Network
PRV000242,Pioneer Imaging Center,Imaging Center,Diagnostic Imaging,IL,Out-of-Network
PRV000243,Blue Ridge Surgery Center,Ambulatory Surgical Center,Ambulatory Surgery,GA,In-Network
PRV000244,Dr. Riley Morris,Physician,OB/GYN,CA,Out-of-Network
PRV000245,Northstar Urgent Care,Urgent Care,Urgent Care,MT,In-Network
PRV000246,Dr. Cameron Irwin,Physician,Orthopedics,NY,In-Network
PRV000247,Dr. Casey Grant,Physician,Pulmonology,UT,In-Network
PRV000248,Dr. Hayden Foster,Physician,Primary Care,WI,In-Network
PRV000249,Dr. Reese Hayes,Physician,Pulmonology,CA,Out-of-Network
PRV000250,Dr. Quinn Jordan,Physician,Gastroenterology,IL,In-Network
PRV000251,Dr. Riley Foster,Physician,Endocrinology,GA,In-Network
PRV000252,Dr. Jordan Morris,Physician,Neurology,NJ,In-Network
PRV000253,Dr. Morgan Carter,Physician,Neurology,NJ,Out-of-Network
PRV000254,Dr. Taylor Irwin,Physician,Cardiology,MI,In-Network
PRV000255,Dr. Skyler Irwin,Physician,Primary Care,SC,In-Network
PRV000256,Evergreen Surgery Center,Ambulatory Surgical Center,Ambulatory Surgery,IN,In-Network
PRV000257,Dr. Hayden Morris,Physician,Dermatology,CA,In-Network
PRV000258,Dr. Drew Grant,Physician,Orthopedics,PA,In-Network
PRV000259,Riverside Medical Clinic,Clinic,Multi-Specialty,NE,In-Network
PRV000260,Evergreen Medical Clinic,Clinic,Multi-Specialty,MO,In-Network
PRV000261,Heritage Medical Clinic,Clinic,Pediatrics,HI,Out-of-Network
PRV000262,Evergreen Medical Center,Hospital,General Acute Care,OR,Out-of-Network
PRV000263,Dr. Quinn Carter,Physician,Pediatrics,TN,In-Network
PRV000264,Dr. Emerson Nelson,Physician,Gastroenterology,CA,In-Network
PRV000265,Oak Valley Clinical Laboratory,Laboratory,Clinical Laboratory,AL,In-Network
PRV000266,Riverside Medical Clinic,Clinic,Primary Care,FL,In-Network
PRV000267,Dr. Reese Price,Physician,Endocrinology,UT,In-Network
PRV000268,Dr. Blake Owens,Physician,Neurology,CA,Out-of-Network
PRV000269,Dr. Skyler Adams,Physician,OB/GYN,MD,In-Network
PRV000270,Pioneer Medical Clinic,Clinic,Multi-Specialty,TX,In-Network
PRV000271,Evergreen Imaging Center,Imaging Center,Diagnostic Imaging,CA,In-Network
PRV000272,Dr. Blake Irwin,Physician,Cardiology,TX,Out-of-Network
PRV000273,Evergreen Medical Center,Hospital,General Acute Care,OK,In-Network
PRV000274,Evergreen Clinical Laboratory,Laboratory,Clinical Laboratory,NH,In-Network
PRV000275,Dr. Parker Owens,Physician,Pulmonology,GA,Out-of-Network
PRV000276,Heritage Medical Center,Hospital,General Acute Care,PA,In-Network
PRV000277,Dr. Reese Morris,Physician,Pediatrics,PA,In-Network
PRV000278,Dr. Taylor Bennett,Physician,Neurology,OH,In-Network
PRV000279,Dr. Casey Hayes,Physician,Endocrinology,NE,In-Network
PRV000280,Dr. Hayden Nelson,Physician,Orthopedics,GA,In-Network
PRV000281,Dr. Avery Hayes,Physician,Orthopedics,CA,In-Network
PRV000282,Blue Ridge Medical Center,Hospital,General Acute Care,CA,In-Network
PRV000283,Riverside Medical Clinic,Clinic,Primary Care,UT,In-Network
PRV000284,Summit Medical Center,Hospital,General Acute Care,CA,In-Network
PRV000285,Dr. Jordan Irwin,Physician,Gastroenterology,IL,Out-of-Network
PRV000286,Dr. Reese Owens,Physician,OB/GYN,LA,Out-of-Network
PRV000287,Dr. Emerson Irwin,Physician,Endocrinology,CA,In-Network
PRV000288,Dr. Rowan Davis,Physician,Gastroenterology,CA,In-Network
PRV000289,Blue Ridge Medical Center,Hospital,General Acute Care,TX,In-Network
PRV000290,Northstar Surgery Center,Ambulatory Surgical Center,Ambulatory Surgery,TX,In-Network
PRV000291,Dr. Drew Carter,Physician,Neurology,TX,Out-of-Network
PRV000292,Dr. Hayden King,Physician,Dermatology,NY,In-Network
PRV000293,Dr. Riley Lewis,Physician,Cardiology,IL,Out-of-Network
PRV000294,Dr. Parker Jordan,Physician,OB/GYN,NY,In-Network
PRV000295,Dr. Cameron King,Physician,OB/GYN,UT,In-Network
PRV000296,Pioneer Medical Center,Hospital,General Acute Care,TN,In-Network
PRV000297,Dr. Cameron Lewis,Physician,Endocrinology,FL,In-Network
PRV000298,Dr. Hayden Foster,Physician,Pulmonology,GA,In-Network
PRV000299,Lakeside Surgery Center,Ambulatory Surgical Center,Ambulatory Surgery,CT,Out-of-Network
PRV000300,Westfield Clinical Laboratory,Laboratory,Clinical Laboratory,HI,In-Network
PRV000301,Dr. Quinn Grant,Physician,Primary Care,CA,In-Network
PRV000302,Dr. Casey Ellis,Physician,Dermatology,KY,In-Network
PRV000303,Summit Imaging Center,Imaging Center,Diagnostic Imaging,OH,In-Network
PRV000304,Lakeside Medical Center,Hospital,General Acute Care,AL,Out-of-Network
PRV000305,Northstar Clinical Laboratory,Laboratory,Clinical Laboratory,NC,Out-of-Network
PRV000306,Gateway Urgent Care,Urgent Care,Urgent Care,NJ,In-Network
PRV000307,Dr. Emerson Ellis,Physician,Gastroenterology,LA,In-Network
PRV000308,Dr. Reese Nelson,Physician,Endocrinology,MS,In-Network
PRV000309,Heritage Medical Center,Hospital,General Acute Care,GA,In-Network
PRV000310,Blue Ridge Medical Center,Hospital,General Acute Care,FL,In-Network
PRV000311,Lakeside Medical Clinic,Clinic,Women's Health,ND,Out-of-Network
PRV000312,Dr. Reese Foster,Physician,Orthopedics,PA,In-Network
PRV000313,Pioneer Imaging Center,Imaging Center,Diagnostic Imaging,NM,In-Network
PRV000314,Dr. Drew Carter,Physician,Endocrinology,MA,In-Network
PRV000315,Dr. Morgan Carter,Physician,Primary Care,NV,In-Network
PRV000316,Lakeside Medical Clinic,Clinic,Multi-Specialty,FL,Out-of-Network
PRV000317,Oak Valley Medical Clinic,Clinic,Primary Care,WV,In-Network
PRV000318,Cedar Grove Medical Clinic,Clinic,Pediatrics,CA,Out-of-Network
PRV000319,Summit Medical Center,Hospital,General Acute Care,NY,In-Network
PRV000320,Dr. Skyler Morris,Physician,Pediatrics,WA,In-Network
PRV000321,Cedar Grove Clinical Laboratory,Laboratory,Clinical Laboratory,MA,In-Network
PRV000322,Lakeside Medical Center,Hospital,General Acute Care,MD,In-Network
PRV000323,Dr. Morgan Foster,Physician,Cardiology,TN,In-Network
PRV000324,Gateway Medical Clinic,Clinic,Multi-Specialty,CA,In-Network
PRV000325,Oak Valley Clinical Laboratory,Laboratory,Clinical Laboratory,FL,Out-of-Network
PRV000326,Dr. Emerson Hayes,Physician,Neurology,TX,In-Network
PRV000327,Cedar Grove Medical Clinic,Clinic,Multi-Specialty,CA,In-Network
PRV000328,Oak Valley Medical Center,Hospital,General Acute Care,NC,Out-of-Network
PRV000329,Westfield Urgent Care,Urgent Care,Urgent Care,NC,Out-of-Network
PRV000330,Dr. Hayden Jordan,Physician,Gastroenterology,VA,In-Network
PRV000331,Lakeside Medical Clinic,Clinic,Multi-Specialty,MN,In-Network
PRV000332,Dr. Morgan Ellis,Physician,OB/GYN,FL,In-Network
PRV000333,Dr. Drew Grant,Physician,Pulmonology,NJ,In-Network
PRV000334,Dr. Reese King,Physician,Dermatology,OR,In-Network
PRV000335,Dr. Riley Foster,Physician,OB/GYN,OH,Out-of-Network
PRV000336,Dr. Emerson Irwin,Physician,Orthopedics,OR,In-Network
PRV000337,Dr. Reese Nelson,Physician,Gastroenterology,OR,Out-of-Network
PRV000338,Dr. Blake Carter,Physician,Pulmonology,PA,In-Network
PRV000339,Dr. Jordan Owens,Physician,OB/GYN,NJ,In-Network
PRV000340,Cedar Grove Medical Clinic,Clinic,Primary Care,OH,In-Network
PRV000341,Cedar Grove Clinical Laboratory,Laboratory,Clinical Laboratory,IN,In-Network
PRV000342,Northstar Medical Clinic,Clinic,Primary Care,DE,In-Network
PRV000343,Dr. Reese Adams,Physician,OB/GYN,MS,In-Network
PRV000344,Dr. Quinn Foster,Physician,Primary Care,GA,Out-of-Network
PRV000345,Dr. Drew Jordan,Physician,Gastroenterology,PA,In-Network
PRV000346,Dr. Blake Morris,Physician,Cardiology,CA,In-Network
PRV000347,Dr. Taylor Ellis,Physician,Pulmonology,IL,In-Network
PRV000348,Dr. Taylor Grant,Physician,Neurology,MO,In-Network
PRV000349,Heritage Surgery Center,Ambulatory Surgical Center,Ambulatory Surgery,FL,Out-of-Network
PRV000350,Dr. Jordan King,Physician,Dermatology,TX,Out-of-Network
PRV000351,Lakeside Medical Clinic,Clinic,Women's Health,CA,In-Network
PRV000352,Riverside Medical Clinic,Clinic,Multi-Specialty,IL,In-Network
PRV000353,Dr. Rowan Carter,Physician,Cardiology,VA,In-Network
PRV000354,Northstar Medical Clinic,Clinic,Primary Care,MI,In-Network
PRV000355,Blue Ridge Medical Center,Hospital,General Acute Care,CA,In-Network
PRV000356,Lakeside Medical Center,Hospital,General Acute Care,FL,In-Network
PRV000357,Dr. Avery Carter,Physician,Pulmonology,OH,In-Network
PRV000358,Northstar Medical Center,Hospital,General Acute Care,MN,Out-of-Network
PRV000359,Blue Ridge Clinical Laboratory,Laboratory,Clinical Laboratory,MD,In-Network
PRV000360,Dr. Blake Morris,Physician,Cardiology,TX,In-Network
PRV000361,Dr. Cameron Ellis,Physician,Pulmonology,TX,In-Network
PRV000362,Gateway Surgery Center,Ambulatory Surgical Center,Ambulatory Surgery,NJ,In-Network
PRV000363,Dr. Blake Jordan,Physician,Primary Care,RI,In-Network
PRV000364,Dr. Emerson Price,Physician,Dermatology,AZ,In-Network
PRV000365,Lakeside Clinical Laboratory,Laboratory,Clinical Laboratory,NJ,In-Network
PRV000366,Blue Ridge Medical Clinic,Clinic,Primary Care,MA,Out-of-Network
PRV000367,Dr. Taylor King,Physician,Pulmonology,FL,In-Network
PRV000368,Blue Ridge Clinical Laboratory,Laboratory,Clinical Laboratory,FL,Out-of-Network
PRV000369,Northstar Urgent Care,Urgent Care,Urgent Care,OK,In-Network
PRV000370,Gateway Medical Clinic,Clinic,Women's Health,MD,In-Network
PRV000371,Evergreen Urgent Care,Urgent Care,Urgent Care,AL,In-Network
PRV000372,Blue Ridge Medical Clinic,Clinic,Multi-Specialty,CA,Out-of-Network
PRV000373,Blue Ridge Medical Clinic,Clinic,Women's Health,TX,Out-of-Network
PRV000374,Dr. Jordan Adams,Physician,Neurology,PA,In-Network
PRV000375,Riverside Medical Clinic,Clinic,Primary Care,FL,In-Network
PRV000376,Dr. Emerson Davis,Physician,Endocrinology,CA,Out-of-Network
PRV000377,Gateway Medical Center,Hospital,General Acute Care,NJ,Out-of-Network
PRV000378,Lakeside Urgent Care,Urgent Care,Urgent Care,MN,In-Network
PRV000379,Dr. Blake Adams,Physician,Pulmonology,IA,In-Network
PRV000380,Dr. Cameron Adams,Physician,Dermatology,GA,In-Network
PRV000381,Dr. Emerson Jordan,Physician,Pediatrics,CA,Out-of-Network
PRV000382,Dr. Avery Price,Physician,Primary Care,NC,In-Network
PRV000383,Dr. Parker King,Physician,Pediatrics,CT,In-Network
PRV000384,Dr. Avery Irwin,Physician,Dermatology,TN,In-Network
PRV000385,Riverside Medical Center,Hospital,General Acute Care,CA,In-Network
PRV000386,Blue Ridge Urgent Care,Urgent Care,Urgent Care,NY,In-Network
PRV000387,Heritage Medical Clinic,Clinic,Multi-Specialty,CA,In-Network
PRV000388,Dr. Riley Owens,Physician,Cardiology,UT,In-Network
PRV000389,Blue Ridge Medical Center,Hospital,General Acute Care,SC,Out-of-Network
PRV000390,Dr. Avery Owens,Physician,Cardiology,PA,Out-of-Network
PRV000391,Oak Valley Medical Center,Hospital,General Acute Care,NY,Out-of-Network
PRV000392,Dr. Casey Grant,Physician,OB/GYN,FL,Out-of-Network
PRV000393,Gateway Imaging Center,Imaging Center,Diagnostic Imaging,TX,In-Network
PRV000394,Dr. Parker Carter,Physician,Gastroenterology,LA,In-Network
PRV000395,Dr. Parker Jordan,Physician,Endocrinology,CA,In-Network
PRV000396,Lakeside Surgery Center,Ambulatory Surgical Center,Ambulatory Surgery,MN,Out-of-Network
PRV000397,Dr. Morgan Ellis,Physician,Cardiology,CA,In-Network
PRV000398,Northstar Surgery Center,Ambulatory Surgical Center,Ambulatory Surgery,MA,Out-of-Network
PRV000399,Dr. Jordan Davis,Physician,OB/GYN,NY,In-Network
PRV000400,Northstar Imaging Center,Imaging Center,Diagnostic Imaging,WA,In-Network
PRV000401,Gateway Urgent Care,Urgent Care,Urgent Care,MS,In-Network
PRV000402,Dr. Parker King,Physician,Primary Care,CA,In-Network
PRV000403,Lakeside Urgent Care,Urgent Care,Urgent Care,CA,In-Network
PRV000404,Summit Clinical Laboratory,Laboratory,Clinical Laboratory,AL,In-Network
PRV000405,Northstar Surgery Center,Ambulatory Surgical Center,Ambulatory Surgery,IL,Out-of-Network
PRV000406,Dr. Reese Bennett,Physician,Dermatology,MI,In-Network
PRV000407,Dr. Avery Jordan,Physician,Endocrinology,IN,Out-of-Network
PRV000408,Dr. Cameron Nelson,Physician,Endocrinology,OR,In-Network
PRV000409,Oak Valley Imaging Center,Imaging Center,Diagnostic Imaging,CA,In-Network
PRV000410,Dr. Taylor Davis,Physician,Endocrinology,MS,In-Network
PRV000411,Dr. Reese Hayes,Physician,Primary Care,TN,In-Network
PRV000412,Dr. Cameron Morris,Physician,Orthopedics,MA,In-Network
PRV000413,Heritage Medical Clinic,Clinic,Pediatrics,MN,In-Network
PRV000414,Lakeside Surgery Center,Ambulatory Surgical Center,Ambulatory Surgery,WA,In-Network
PRV000415,Pioneer Urgent Care,Urgent Care,Urgent Care,MA,In-Network
PRV000416,Dr. Hayden Irwin,Physician,Primary Care,MS,In-Network
PRV000417,Dr. Drew Hayes,Physician,Pediatrics,WI,In-Network
PRV000418,Dr. Jordan Price,Physician,Endocrinology,LA,In-Network
PRV000419,Dr. Emerson Adams,Physician,Dermatology,KS,In-Network
PRV000420,Dr. Taylor Morris,Physician,Cardiology,IA,In-Network
PRV000421,Dr. Morgan Hayes,Physician,Pulmonology,KS,In-Network
PRV000422,Cedar Grove Medical Center,Hospital,General Acute Care,OH,Out-of-Network
PRV000423,Dr. Hayden Hayes,Physician,Neurology,CA,In-Network
PRV000424,Dr. Quinn Owens,Physician,Pulmonology,IN,In-Network
PRV000425,Oak Valley Medical Clinic,Clinic,Women's Health,CA,In-Network
PRV000426,Dr. Drew Carter,Physician,Cardiology,AZ,Out-of-Network
PRV000427,Dr. Cameron King,Physician,Endocrinology,WY,In-Network
PRV000428,Dr. Parker Grant,Physician,Dermatology,WA,In-Network
PRV000429,Dr. Emerson Morris,Physician,Orthopedics,FL,In-Network
PRV000430,Lakeside Imaging Center,Imaging Center,Diagnostic Imaging,MO,In-Network
PRV000431,Dr. Hayden Nelson,Physician,Gastroenterology,PA,In-Network
PRV000432,Dr. Reese King,Physician,Neurology,NY,In-Network
PRV000433,Dr. Cameron Adams,Physician,Orthopedics,HI,In-Network
PRV000434,Lakeside Medical Center,Hospital,General Acute Care,WI,In-Network
PRV000435,Heritage Imaging Center,Imaging Center,Diagnostic Imaging,IL,In-Network
PRV000436,Dr. Reese Price,Physician,Pediatrics,MA,In-Network
PRV000437,Dr. Emerson Carter,Physician,Dermatology,KY,Out-of-Network
PRV000438,Dr. Reese Foster,Physician,Neurology,PA,Out-of-Network
PRV000439,Blue Ridge Medical Center,Hospital,General Acute Care,OH,In-Network
PRV000440,Dr. Reese King,Physician,Primary Care,NJ,Out-of-Network
PRV000441,Dr. Avery Hayes,Physician,Pediatrics,FL,In-Network
PRV000442,Dr. Parker Jordan,Physician,Endocrinology,NJ,In-Network
PRV000443,Gateway Medical Center,Hospital,General Acute Care,WA,In-Network
PRV000444,Dr. Quinn Hayes,Physician,Orthopedics,SC,In-Network
PRV000445,Evergreen Imaging Center,Imaging Center,Diagnostic Imaging,VA,In-Network
PRV000446,Heritage Medical Clinic,Clinic,Primary Care,CA,In-Network
PRV000447,Dr. Cameron Hayes,Physician,Pulmonology,WA,In-Network
PRV000448,Dr. Reese Irwin,Physician,OB/GYN,AL,In-Network
PRV000449,Dr. Taylor Grant,Physician,Neurology,CA,In-Network
PRV000450,Dr. Cameron Foster,Physician,Primary Care,FL,Out-of-Network
PRV000451,Dr. Cameron Adams,Physician,Gastroenterology,SC,In-Network
PRV000452,Cedar Grove Urgent Care,Urgent Care,Urgent Care,WI,Out-of-Network
PRV000453,Heritage Surgery Center,Ambulatory Surgical Center,Ambulatory Surgery,TX,Out-of-Network
PRV000454,Dr. Casey King,Physician,Dermatology,NY,In-Network
PRV000455,Dr. Riley Nelson,Physician,OB/GYN,NY,In-Network
PRV000456,Dr. Jordan Ellis,Physician,Orthopedics,FL,Out-of-Network
PRV000457,Riverside Medical Center,Hospital,General Acute Care,OH,In-Network
PRV000458,Dr. Skyler Price,Physician,Primary Care,PA,In-Network
PRV000459,Riverside Medical Clinic,Clinic,Pediatrics,MO,In-Network
PRV000460,Dr. Parker Morris,Physician,Orthopedics,KY,In-Network
PRV000461,Westfield Clinical Laboratory,Laboratory,Clinical Laboratory,IN,Out-of-Network
PRV000462,Blue Ridge Medical Center,Hospital,General Acute Care,FL,In-Network
PRV000463,Dr. Jordan Owens,Physician,Cardiology,OH,In-Network
PRV000464,Lakeside Medical Clinic,Clinic,Pediatrics,NM,Out-of-Network
PRV000465,Dr. Emerson Price,Physician,Pediatrics,WI,In-Network
PRV000466,Dr. Drew Nelson,Physician,Pediatrics,IL,In-Network
PRV000467,Oak Valley Medical Center,Hospital,General Acute Care,IA,In-Network
PRV000468,Oak Valley Medical Clinic,Clinic,Pediatrics,NC,In-Network
PRV000469,Dr. Avery Lewis,Physician,Orthopedics,CA,In-Network
PRV000470,Evergreen Medical Clinic,Clinic,Multi-Specialty,NY,In-Network
PRV000471,Riverside Surgery Center,Ambulatory Surgical Center,Ambulatory Surgery,VA,In-Network
PRV000472,Dr. Jordan Carter,Physician,Dermatology,WA,In-Network
PRV000473,Dr. Morgan Irwin,Physician,Cardiology,CO,In-Network
PRV000474,Dr. Jordan Carter,Physician,Endocrinology,FL,In-Network
PRV000475,Dr. Avery Owens,Physician,Pediatrics,NC,In-Network
PRV000476,Dr. Avery Carter,Physician,Cardiology,OK,In-Network
PRV000477,Riverside Medical Clinic,Clinic,Multi-Specialty,VA,In-Network
PRV000478,Cedar Grove Urgent Care,Urgent Care,Urgent Care,TX,In-Network
PRV000479,Dr. Casey Adams,Physician,Endocrinology,NC,In-Network
PRV000480,Dr. Emerson Foster,Physician,OB/GYN,NJ,In-Network
PRV000481,Dr. Taylor Carter,Physician,Orthopedics,TX,Out-of-Network
PRV000482,Dr. Avery Grant,Physician,Cardiology,WI,Out-of-Network
PRV000483,Dr. Rowan King,Physician,Cardiology,NY,Out-of-Network
PRV000484,Dr. Morgan Lewis,Physician,Orthopedics,MO,In-Network
PRV000485,Gateway Surgery Center,Ambulatory Surgical Center,Ambulatory Surgery,TX,In-Network
PRV000486,Dr. Parker Foster,Physician,Gastroenterology,CO,In-Network
PRV000487,Dr. Reese Davis,Physician,Orthopedics,NY,In-Network
PRV000488,Dr. Jordan Lewis,Physician,Gastroenterology,DE,In-Network
PRV000489,Dr. Rowan Owens,Physician,Pediatrics,OH,In-Network
PRV000490,Blue Ridge Urgent Care,Urgent Care,Urgent Care,FL,Out-of-Network
PRV000491,Dr. Cameron Foster,Physician,Dermatology,MO,Out-of-Network
PRV000492,Lakeside Medical Clinic,Clinic,Multi-Specialty,WI,In-Network
PRV000493,Dr. Casey Morris,Physician,Endocrinology,OH,In-Network
PRV000494,Dr. Skyler Nelson,Physician,Orthopedics,CA,In-Network
PRV000495,Dr. Riley Morris,Physician,Orthopedics,CT,In-Network
PRV000496,Dr. Parker Bennett,Physician,OB/GYN,WI,In-Network
PRV000497,Cedar Grove Medical Center,Hospital,General Acute Care,TX,Out-of-Network
PRV000498,Dr. Parker Lewis,Physician,Dermatology,NY,In-Network
PRV000499,Northstar Medical Center,Hospital,General Acute Care,IN,In-Network
PRV000500,Dr. Jordan Bennett,Physician,Primary Care,NC,In-Network
PRV000501,Dr. Hayden Adams,Physician,Endocrinology,CA,In-Network
PRV000502,Dr. Drew King,Physician,Gastroenterology,NY,In-Network
PRV000503,Lakeside Medical Clinic,Clinic,Primary Care,NM,In-Network
PRV000504,Dr. Cameron Jordan,Physician,OB/GYN,NJ,In-Network
PRV000505,Blue Ridge Medical Clinic,Clinic,Pediatrics,NY,In-Network
PRV000506,Blue Ridge Medical Clinic,Clinic,Primary Care,CA,In-Network
PRV000507,Dr. Blake King,Physician,Orthopedics,IN,In-Network
PRV000508,Gateway Urgent Care,Urgent Care,Urgent Care,FL,In-Network
PRV000509,Gateway Imaging Center,Imaging Center,Diagnostic Imaging,FL,In-Network
PRV000510,Westfield Medical Center,Hospital,General Acute Care,KY,In-Network
PRV000511,Dr. Avery Grant,Physician,Neurology,LA,In-Network
PRV000512,Dr. Emerson Owens,Physician,Pediatrics,NY,In-Network
PRV000513,Dr. Drew Bennett,Physician,Cardiology,NE,In-Network
PRV000514,Dr. Avery Ellis,Physician,Endocrinology,SC,In-Network
PRV000515,Northstar Medical Clinic,Clinic,Pediatrics,IL,In-Network
PRV000516,Summit Clinical Laboratory,Laboratory,Clinical Laboratory,MD,In-Network
PRV000517,Northstar Medical Clinic,Clinic,Women's Health,TX,In-Network
PRV000518,Heritage Imaging Center,Imaging Center,Diagnostic Imaging,MN,In-Network
PRV000519,Cedar Grove Medical Center,Hospital,General Acute Care,NY,In-Network
PRV000520,Dr. Blake Morris,Physician,Pulmonology,MO,In-Network
PRV000521,Dr. Blake Irwin,Physician,Gastroenterology,NY,In-Network
PRV000522,Cedar Grove Surgery Center,Ambulatory Surgical Center,Ambulatory Surgery,CA,In-Network
PRV000523,Northstar Medical Center,Hospital,General Acute Care,MA,In-Network
PRV000524,Dr. Blake Nelson,Physician,Primary Care,MI,Out-of-Network
PRV000525,Dr. Jordan Irwin,Physician,Orthopedics,IN,In-Network
PRV000526,Dr. Avery Carter,Physician,Gastroenterology,FL,Out-of-Network
PRV000527,Dr. Hayden Hayes,Physician,Gastroenterology,PA,In-Network
PRV000528,Dr. Quinn Owens,Physician,Neurology,WV,Out-of-Network
PRV000529,Blue Ridge Medical Center,Hospital,General Acute Care,LA,In-Network
PRV000530,Dr. Quinn Price,Physician,Pediatrics,CA,In-Network
PRV000531,Dr. Skyler Bennett,Physician,Dermatology,NC,In-Network
PRV000532,Dr. Hayden Carter,Physician,Endocrinology,WI,In-Network
PRV000533,Dr. Drew Adams,Physician,Cardiology,WY,In-Network
PRV000534,Dr. Quinn Lewis,Physician,Dermatology,NY,In-Network
PRV000535,Dr. Hayden Grant,Physician,Pulmonology,OH,In-Network
PRV000536,Dr. Reese Grant,Physician,OB/GYN,NY,In-Network
PRV000537,Dr. Jordan Irwin,Physician,Pediatrics,NE,In-Network
PRV000538,Heritage Medical Clinic,Clinic,Primary Care,WA,In-Network
PRV000539,Dr. Casey Owens,Physician,Dermatology,OH,Out-of-Network
PRV000540,Dr. Emerson Adams,Physician,Primary Care,CA,Out-of-Network
PRV000541,Riverside Imaging Center,Imaging Center,Diagnostic Imaging,FL,Out-of-Network
PRV000542,Lakeside Urgent Care,Urgent Care,Urgent Care,WA,In-Network
PRV000543,Dr. Parker Price,Physician,Cardiology,NJ,In-Network
PRV000544,Lakeside Medical Center,Hospital,General Acute Care,WI,In-Network
PRV000545,Westfield Urgent Care,Urgent Care,Urgent Care,MO,In-Network
PRV000546,Dr. Casey Ellis,Physician,Dermatology,TX,In-Network
PRV000547,Summit Medical Center,Hospital,General Acute Care,CO,In-Network
PRV000548,Summit Medical Clinic,Clinic,Primary Care,FL,In-Network
PRV000549,Dr. Riley Jordan,Physician,OB/GYN,AR,In-Network
PRV000550,Dr. Parker Adams,Physician,Neurology,TX,In-Network
PRV000551,Pioneer Medical Center,Hospital,General Acute Care,AL,Out-of-Network
PRV000552,Dr. Drew Davis,Physician,Pediatrics,DE,In-Network
PRV000553,Lakeside Surgery Center,Ambulatory Surgical Center,Ambulatory Surgery,MO,In-Network
PRV000554,Blue Ridge Medical Clinic,Clinic,Women's Health,UT,Out-of-Network
PRV000555,Gateway Clinical Laboratory,Laboratory,Clinical Laboratory,WV,In-Network
PRV000556,Dr. Morgan Bennett,Physician,Neurology,CA,In-Network
PRV000557,Pioneer Imaging Center,Imaging Center,Diagnostic Imaging,SC,In-Network
PRV000558,Dr. Parker King,Physician,OB/GYN,NY,Out-of-Network
PRV000559,Westfield Medical Clinic,Clinic,Multi-Specialty,VA,In-Network
PRV000560,Dr. Riley King,Physician,Primary Care,MI,In-Network
PRV000561,Dr. Blake Price,Physician,Neurology,MI,In-Network
PRV000562,Dr. Jordan Adams,Physician,Pediatrics,NM,In-Network
PRV000563,Northstar Medical Clinic,Clinic,Multi-Specialty,WV,In-Network
PRV000564,Dr. Morgan Lewis,Physician,Dermatology,NV,In-Network
PRV000565,Dr. Taylor Grant,Physician,Primary Care,NY,In-Network
PRV000566,Lakeside Medical Center,Hospital,General Acute Care,KS,In-Network
PRV000567,Dr. Rowan Irwin,Physician,Neurology,MN,In-Network
PRV000568,Dr. Quinn Lewis,Physician,Gastroenterology,GA,In-Network
PRV000569,Evergreen Urgent Care,Urgent Care,Urgent Care,MI,In-Network
PRV000570,Dr. Morgan Davis,Physician,Neurology,ME,Out-of-Network
PRV000571,Dr. Reese Ellis,Physician,Gastroenterology,UT,In-Network
PRV000572,Dr. Skyler Grant,Physician,Cardiology,NC,In-Network
PRV000573,Blue Ridge Clinical Laboratory,Laboratory,Clinical Laboratory,PA,In-Network
PRV000574,Westfield Medical Clinic,Clinic,Pediatrics,CA,In-Network
PRV000575,Riverside Clinical Laboratory,Laboratory,Clinical Laboratory,NY,Out-of-Network
PRV000576,Evergreen Medical Center,Hospital,General Acute Care,WA,Out-of-Network
PRV000577,Westfield Surgery Center,Ambulatory Surgical Center,Ambulatory Surgery,CA,In-Network
PRV000578,Dr. Parker Morris,Physician,Cardiology,CA,In-Network
PRV000579,Dr. Hayden Carter,Physician,Pediatrics,TX,In-Network
PRV000580,Blue Ridge Clinical Laboratory,Laboratory,Clinical Laboratory,VA,In-Network
PRV000581,Riverside Medical Center,Hospital,General Acute Care,PA,Out-of-Network
PRV000582,Gateway Medical Center,Hospital,General Acute Care,OK,In-Network
PRV000583,Dr. Drew Adams,Physician,Endocrinology,NC,In-Network
PRV000584,Dr. Parker Owens,Physician,Gastroenterology,WA,In-Network
PRV000585,Dr. Taylor Jordan,Physician,Neurology,CA,In-Network
PRV000586,Cedar Grove Imaging Center,Imaging Center,Diagnostic Imaging,FL,In-Network
PRV000587,Pioneer Urgent Care,Urgent Care,Urgent Care,OR,In-Network
PRV000588,Dr. Cameron Price,Physician,Pulmonology,CA,In-Network
PRV000589,Dr. Skyler Bennett,Physician,Primary Care,GA,Out-of-Network
PRV000590,Summit Medical Clinic,Clinic,Pediatrics,OH,In-Network
PRV000591,Dr. Drew Grant,Physician,Neurology,TX,In-Network
PRV000592,Dr. Rowan Irwin,Physician,Orthopedics,WI,Out-of-Network
PRV000593,Pioneer Medical Clinic,Clinic,Women's Health,MI,In-Network
PRV000594,Pioneer Medical Clinic,Clinic,Pediatrics,CA,In-Network
PRV000595,Dr. Emerson Grant,Physician,Pediatrics,VA,Out-of-Network
PRV000596,Dr. Emerson Foster,Physician,Dermatology,VA,In-Network
PRV000597,Gateway Medical Clinic,Clinic,Women's Health,TX,In-Network
PRV000598,Westfield Urgent Care,Urgent Care,Urgent Care,MD,In-Network
PRV000599,Dr. Emerson Ellis,Physician,Neurology,TX,In-Network
PRV000600,Westfield Medical Clinic,Clinic,Pediatrics,NY,In-Network
PRV000601,Dr. Jordan Adams,Physician,Gastroenterology,MO,In-Network
PRV000602,Dr. Taylor Ellis,Physician,OB/GYN,IL,Out-of-Network
PRV000603,Northstar Medical Clinic,Clinic,Primary Care,CT,In-Network
PRV000604,Dr. Drew Irwin,Physician,Neurology,WA,In-Network
PRV000605,Dr. Cameron Irwin,Physician,Pulmonology,SC,Out-of-Network
PRV000606,Summit Medical Clinic,Clinic,Primary Care,IA,In-Network
PRV000607,Westfield Medical Center,Hospital,General Acute Care,VA,In-Network
PRV000608,Dr. Quinn Carter,Physician,Cardiology,IN,In-Network
PRV000609,Dr. Riley Hayes,Physician,Pulmonology,NC,Out-of-Network
PRV000610,Dr. Riley Hayes,Physician,Pediatrics,PA,In-Network
PRV000611,Dr. Drew Jordan,Physician,Pulmonology,CA,In-Network
PRV000612,Dr. Jordan Jordan,Physician,Endocrinology,WI,In-Network
PRV000613,Dr. Drew Hayes,Physician,Endocrinology,TX,Out-of-Network
PRV000614,Dr. Rowan Carter,Physician,OB/GYN,IL,Out-of-Network
PRV000615,Dr. Drew Ellis,Physician,Primary Care,CA,Out-of-Network
PRV000616,Summit Medical Center,Hospital,General Acute Care,PA,In-Network
PRV000617,Dr. Morgan Ellis,Physician,Primary Care,OH,In-Network
PRV000618,Summit Urgent Care,Urgent Care,Urgent Care,NJ,In-Network
PRV000619,Dr. Taylor King,Physician,Pediatrics,CT,In-Network
PRV000620,Pioneer Medical Center,Hospital,General Acute Care,IL,In-Network
PRV000621,Gateway Urgent Care,Urgent Care,Urgent Care,FL,Out-of-Network
PRV000622,Cedar Grove Medical Center,Hospital,General Acute Care,OH,Out-of-Network
PRV000623,Riverside Imaging Center,Imaging Center,Diagnostic Imaging,TX,In-Network
PRV000624,Heritage Medical Center,Hospital,General Acute Care,CA,In-Network
PRV000625,Evergreen Surgery Center,Ambulatory Surgical Center,Ambulatory Surgery,HI,In-Network
PRV000626,Dr. Blake Lewis,Physician,Cardiology,MD,In-Network
PRV000627,Westfield Imaging Center,Imaging Center,Diagnostic Imaging,CO,In-Network
PRV000628,Summit Surgery Center,Ambulatory Surgical Center,Ambulatory Surgery,OH,In-Network
PRV000629,Dr. Quinn Price,Physician,Cardiology,KS,In-Network
PRV000630,Dr. Riley Bennett,Physician,Pediatrics,TX,In-Network
PRV000631,Riverside Medical Clinic,Clinic,Women's Health,UT,In-Network
PRV000632,Heritage Medical Clinic,Clinic,Primary Care,MI,In-Network
PRV000633,Dr. Quinn Nelson,Physician,Cardiology,AR,In-Network
PRV000634,Evergreen Medical Clinic,Clinic,Pediatrics,WV,Out-of-Network
PRV000635,Dr. Jordan Lewis,Physician,Pulmonology,IL,In-Network
PRV000636,Dr. Quinn Carter,Physician,Gastroenterology,WI,In-Network
PRV000637,Dr. Avery Ellis,Physician,OB/GYN,PA,Out-of-Network
PRV000638,Northstar Medical Center,Hospital,General Acute Care,OH,In-Network
PRV000639,Lakeside Urgent Care,Urgent Care,Urgent Care,UT,In-Network
PRV000640,Lakeside Imaging Center,Imaging Center,Diagnostic Imaging,MS,Out-of-Network
PRV000641,Dr. Drew King,Physician,Orthopedics,OH,In-Network
PRV000642,Dr. Jordan Bennett,Physician,Dermatology,OH,Out-of-Network
PRV000643,Blue Ridge Medical Clinic,Clinic,Multi-Specialty,GA,In-Network
PRV000644,Heritage Medical Clinic,Clinic,Women's Health,WA,In-Network
PRV000645,Dr. Cameron Adams,Physician,OB/GYN,CA,In-Network
PRV000646,Cedar Grove Medical Clinic,Clinic,Pediatrics,FL,In-Network
PRV000647,Blue Ridge Medical Clinic,Clinic,Pediatrics,MN,In-Network
PRV000648,Dr. Parker Jordan,Physician,Gastroenterology,NC,Out-of-Network
PRV000649,Dr. Rowan Adams,Physician,Orthopedics,MI,In-Network
PRV000650,Riverside Medical Clinic,Clinic,Multi-Specialty,TN,In-Network
PRV000651,Dr. Emerson Irwin,Physician,Orthopedics,NC,In-Network
PRV000652,Dr. Emerson Irwin,Physician,Pediatrics,CA,Out-of-Network
PRV000653,Northstar Urgent Care,Urgent Care,Urgent Care,AR,In-Network
PRV000654,Dr. Skyler Carter,Physician,Gastroenterology,NJ,In-Network
PRV000655,Northstar Clinical Laboratory,Laboratory,Clinical Laboratory,OH,In-Network
PRV000656,Dr. Morgan Grant,Physician,Neurology,TX,In-Network
PRV000657,Riverside Medical Center,Hospital,General Acute Care,FL,In-Network
PRV000658,Westfield Medical Clinic,Clinic,Women's Health,CO,In-Network
PRV000659,Dr. Jordan Carter,Physician,Dermatology,KY,In-Network
PRV000660,Dr. Quinn Carter,Physician,Endocrinology,MO,In-Network
PRV000661,Heritage Medical Clinic,Clinic,Pediatrics,MN,In-Network
PRV000662,Summit Urgent Care,Urgent Care,Urgent Care,MI,In-Network
PRV000663,Dr. Parker Jordan,Physician,Primary Care,TX,In-Network
PRV000664,Blue Ridge Clinical Laboratory,Laboratory,Clinical Laboratory,TX,In-Network
PRV000665,Dr. Emerson Irwin,Physician,Cardiology,AZ,In-Network
PRV000666,Cedar Grove Medical Center,Hospital,General Acute Care,AL,In-Network
PRV000667,Dr. Reese Adams,Physician,Orthopedics,MI,In-Network
PRV000668,Dr. Cameron Foster,Physician,Orthopedics,PA,In-Network
PRV000669,Heritage Urgent Care,Urgent Care,Urgent Care,CA,In-Network
PRV000670,Dr. Cameron Lewis,Physician,Orthopedics,NY,Out-of-Network
PRV000671,Pioneer Medical Center,Hospital,General Acute Care,OH,Out-of-Network
PRV000672,Dr. Parker King,Physician,Dermatology,OH,In-Network
PRV000673,Dr. Cameron Owens,Physician,Neurology,TN,Out-of-Network
PRV000674,Dr. Drew Morris,Physician,Primary Care,CA,Out-of-Network
PRV000675,Evergreen Medical Center,Hospital,General Acute Care,TX,In-Network
PRV000676,Heritage Surgery Center,Ambulatory Surgical Center,Ambulatory Surgery,OH,In-Network
PRV000677,Northstar Medical Clinic,Clinic,Primary Care,TX,In-Network
PRV000678,Dr. Parker Morris,Physician,Neurology,CO,In-Network
PRV000679,Dr. Rowan Grant,Physician,Cardiology,NY,In-Network
PRV000680,Dr. Emerson Hayes,Physician,Pulmonology,KS,In-Network
PRV000681,Pioneer Medical Center,Hospital,General Acute Care,MD,In-Network
PRV000682,Dr. Skyler King,Physician,Primary Care,WI,In-Network
PRV000683,Westfield Imaging Center,Imaging Center,Diagnostic Imaging,FL,In-Network
PRV000684,Dr. Jordan Nelson,Physician,Cardiology,WA,In-Network
PRV000685,Dr. Drew Grant,Physician,Primary Care,CA,In-Network
PRV000686,Blue Ridge Imaging Center,Imaging Center,Diagnostic Imaging,CA,In-Network
PRV000687,Gateway Medical Center,Hospital,General Acute Care,NM,In-Network
PRV000688,Dr. Emerson Davis,Physician,Endocrinology,MA,In-Network
PRV000689,Evergreen Medical Clinic,Clinic,Primary Care,TX,In-Network
PRV000690,Dr. Rowan Ellis,Physician,Dermatology,NE,Out-of-Network
PRV000691,Dr. Quinn Bennett,Physician,Pulmonology,UT,In-Network
PRV000692,Dr. Rowan Ellis,Physician,Endocrinology,MI,Out-of-Network
PRV000693,Dr. Rowan Owens,Physician,Cardiology,TX,Out-of-Network
PRV000694,Dr. Casey Davis,Physician,Orthopedics,TX,Out-of-Network
PRV000695,Pioneer Medical Clinic,Clinic,Women's Health,KS,In-Network
PRV000696,Westfield Medical Clinic,Clinic,Primary Care,TX,In-Network
PRV000697,Westfield Medical Clinic,Clinic,Multi-Specialty,OH,In-Network
PRV000698,Dr. Quinn Foster,Physician,Neurology,AL,In-Network
PRV000699,Oak Valley Medical Center,Hospital,General Acute Care,MS,In-Network
PRV000700,Dr. Jordan Grant,Physician,OB/GYN,AL,In-Network
PRV000701,Dr. Morgan Foster,Physician,Primary Care,CA,In-Network
PRV000702,Summit Medical Center,Hospital,General Acute Care,IL,In-Network
PRV000703,Pioneer Medical Center,Hospital,General Acute Care,CO,In-Network
PRV000704,Dr. Riley Nelson,Physician,OB/GYN,NJ,In-Network
PRV000705,Riverside Medical Clinic,Clinic,Multi-Specialty,TX,In-Network
PRV000706,Dr. Cameron Irwin,Physician,Pediatrics,CA,In-Network
PRV000707,Dr. Quinn Nelson,Physician,Cardiology,NE,In-Network
PRV000708,Dr. Reese Hayes,Physician,Endocrinology,MI,In-Network
PRV000709,Blue Ridge Medical Clinic,Clinic,Pediatrics,CA,Out-of-Network
PRV000710,Dr. Blake Nelson,Physician,Primary Care,NC,In-Network
PRV000711,Dr. Emerson Davis,Physician,Dermatology,NJ,In-Network
PRV000712,Cedar Grove Imaging Center,Imaging Center,Diagnostic Imaging,OH,In-Network
PRV000713,Dr. Skyler Irwin,Physician,Pediatrics,GA,In-Network
PRV000714,Westfield Clinical Laboratory,Laboratory,Clinical Laboratory,GA,In-Network
PRV000715,Gateway Imaging Center,Imaging Center,Diagnostic Imaging,MI,In-Network
PRV000716,Dr. Taylor Nelson,Physician,Gastroenterology,MN,Out-of-Network
PRV000717,Lakeside Clinical Laboratory,Laboratory,Clinical Laboratory,NC,In-Network
PRV000718,Dr. Riley Grant,Physician,Neurology,NY,In-Network
PRV000719,Blue Ridge Medical Clinic,Clinic,Primary Care,IL,In-Network
PRV000720,Evergreen Medical Center,Hospital,General Acute Care,NC,In-Network
PRV000721,Dr. Emerson Irwin,Physician,Neurology,MI,In-Network
PRV000722,Evergreen Medical Center,Hospital,General Acute Care,CA,In-Network
PRV000723,Dr. Riley Owens,Physician,Pediatrics,NJ,In-Network
PRV000724,Dr. Casey Foster,Physician,Gastroenterology,NJ,In-Network
PRV000725,Dr. Cameron Carter,Physician,Cardiology,NE,Out-of-Network
PRV000726,Dr. Quinn Bennett,Physician,Orthopedics,FL,In-Network
PRV000727,Dr. Parker Bennett,Physician,Cardiology,AZ,In-Network
PRV000728,Dr. Skyler Morris,Physician,Neurology,CA,In-Network
PRV000729,Summit Imaging Center,Imaging Center,Diagnostic Imaging,GA,In-Network
PRV000730,Summit Medical Center,Hospital,General Acute Care,VA,In-Network
PRV000731,Heritage Surgery Center,Ambulatory Surgical Center,Ambulatory Surgery,PA,In-Network
PRV000732,Pioneer Imaging Center,Imaging Center,Diagnostic Imaging,CA,In-Network
PRV000733,Oak Valley Urgent Care,Urgent Care,Urgent Care,PA,In-Network
PRV000734,Oak Valley Imaging Center,Imaging Center,Diagnostic Imaging,CA,In-Network
PRV000735,Dr. Riley Hayes,Physician,Primary Care,CT,In-Network
PRV000736,Oak Valley Medical Center,Hospital,General Acute Care,FL,Out-of-Network
PRV000737,Dr. Parker Jordan,Physician,Neurology,MI,In-Network
PRV000738,Westfield Medical Clinic,Clinic,Multi-Specialty,KY,In-Network
PRV000739,Oak Valley Medical Clinic,Clinic,Women's Health,CA,In-Network
PRV000740,Lakeside Surgery Center,Ambulatory Surgical Center,Ambulatory Surgery,NC,In-Network
PRV000741,Dr. Morgan Jordan,Physician,Gastroenterology,CA,In-Network
PRV000742,Dr. Hayden Ellis,Physician,OB/GYN,FL,In-Network
PRV000743,Northstar Medical Center,Hospital,General Acute Care,IL,In-Network
PRV000744,Gateway Medical Clinic,Clinic,Pediatrics,GA,In-Network
PRV000745,Dr. Reese Price,Physician,Endocrinology,VA,In-Network
PRV000746,Dr. Drew Hayes,Physician,Endocrinology,FL,Out-of-Network
PRV000747,Dr. Cameron Foster,Physician,Dermatology,IL,In-Network
PRV000748,Lakeside Medical Clinic,Clinic,Women's Health,CA,In-Network
PRV000749,Dr. Quinn Price,Physician,Gastroenterology,VA,In-Network
PRV000750,Dr. Blake Irwin,Physician,Gastroenterology,CA,In-Network
PRV000751,Dr. Jordan Foster,Physician,Cardiology,NY,In-Network
PRV000752,Dr. Morgan Lewis,Physician,Primary Care,OK,Out-of-Network
PRV000753,Dr. Blake Bennett,Physician,OB/GYN,CA,In-Network
PRV000754,Riverside Urgent Care,Urgent Care,Urgent Care,OH,In-Network
PRV000755,Dr. Quinn Ellis,Physician,Endocrinology,NV,Out-of-Network
PRV000756,Dr. Emerson Foster,Physician,Pediatrics,OK,In-Network
PRV000757,Dr. Quinn Bennett,Physician,Orthopedics,OK,In-Network
PRV000758,Northstar Clinical Laboratory,Laboratory,Clinical Laboratory,MI,In-Network
PRV000759,Lakeside Surgery Center,Ambulatory Surgical Center,Ambulatory Surgery,TN,In-Network
PRV000760,Dr. Cameron Morris,Physician,Gastroenterology,CA,In-Network
PRV000761,Cedar Grove Surgery Center,Ambulatory Surgical Center,Ambulatory Surgery,TX,In-Network
PRV000762,Dr. Hayden Ellis,Physician,Dermatology,NC,Out-of-Network
PRV000763,Dr. Emerson Grant,Physician,Dermatology,MS,In-Network
PRV000764,Evergreen Clinical Laboratory,Laboratory,Clinical Laboratory,CA,Out-of-Network
PRV000765,Gateway Medical Center,Hospital,General Acute Care,MO,Out-of-Network
PRV000766,Dr. Taylor Bennett,Physician,Gastroenterology,FL,In-Network
PRV000767,Oak Valley Medical Clinic,Clinic,Women's Health,TN,In-Network
PRV000768,Dr. Quinn Adams,Physician,Pediatrics,MS,Out-of-Network
PRV000769,Dr. Quinn Davis,Physician,Cardiology,OH,In-Network
PRV000770,Dr. Skyler Davis,Physician,Orthopedics,VA,In-Network
PRV000771,Westfield Medical Center,Hospital,General Acute Care,UT,In-Network
PRV000772,Evergreen Medical Center,Hospital,General Acute Care,NY,In-Network
PRV000773,Dr. Drew Irwin,Physician,OB/GYN,TN,In-Network
PRV000774,Gateway Medical Clinic,Clinic,Multi-Specialty,MI,In-Network
PRV000775,Oak Valley Medical Clinic,Clinic,Primary Care,MO,Out-of-Network
PRV000776,Dr. Reese Price,Physician,Neurology,VA,In-Network
PRV000777,Oak Valley Medical Center,Hospital,General Acute Care,AZ,In-Network
PRV000778,Pioneer Medical Center,Hospital,General Acute Care,IA,In-Network
PRV000779,Dr. Rowan Hayes,Physician,Cardiology,MA,Out-of-Network
PRV000780,Dr. Avery King,Physician,OB/GYN,CA,In-Network
PRV000781,Heritage Imaging Center,Imaging Center,Diagnostic Imaging,FL,In-Network
PRV000782,Dr. Riley Price,Physician,Orthopedics,NY,In-Network
PRV000783,Heritage Medical Clinic,Clinic,Multi-Specialty,UT,In-Network
PRV000784,Dr. Taylor Bennett,Physician,Cardiology,MO,In-Network
PRV000785,Lakeside Medical Clinic,Clinic,Pediatrics,IN,Out-of-Network
PRV000786,Dr. Quinn Jordan,Physician,Cardiology,AZ,Out-of-Network
PRV000787,Dr. Casey Nelson,Physician,Dermatology,WA,Out-of-Network
PRV000788,Riverside Urgent Care,Urgent Care,Urgent Care,WA,Out-of-Network
PRV000789,Riverside Imaging Center,Imaging Center,Diagnostic Imaging,AZ,In-Network
PRV000790,Dr. Rowan King,Physician,Dermatology,MI,In-Network
PRV000791,Dr. Rowan Nelson,Physician,Gastroenterology,TX,Out-of-Network
PRV000792,Dr. Rowan Adams,Physician,Gastroenterology,WI,Out-of-Network
PRV000793,Dr. Parker Ellis,Physician,OB/GYN,SC,In-Network
PRV000794,Dr. Rowan Ellis,Physician,Endocrinology,CA,In-Network
PRV000795,Cedar Grove Clinical Laboratory,Laboratory,Clinical Laboratory,MT,In-Network
PRV000796,Dr. Emerson Adams,Physician,Pediatrics,NY,In-Network
PRV000797,Summit Medical Clinic,Clinic,Primary Care,CO,In-Network
PRV000798,Cedar Grove Urgent Care,Urgent Care,Urgent Care,AZ,In-Network
PRV000799,Cedar Grove Medical Clinic,Clinic,Primary Care,OK,In-Network
PRV000800,Dr. Parker Lewis,Physician,Primary Care,CA,In-Network
PRV000801,Dr. Casey Nelson,Physician,Neurology,MD,In-Network
PRV000802,Dr. Drew Bennett,Physician,Endocrinology,OK,In-Network
PRV000803,Oak Valley Medical Center,Hospital,General Acute Care,TX,In-Network
PRV000804,Blue Ridge Urgent Care,Urgent Care,Urgent Care,NY,In-Network
PRV000805,Summit Clinical Laboratory,Laboratory,Clinical Laboratory,GA,In-Network
PRV000806,Dr. Reese Ellis,Physician,Primary Care,MO,In-Network
PRV000807,Westfield Surgery Center,Ambulatory Surgical Center,Ambulatory Surgery,MI,In-Network
PRV000808,Cedar Grove Surgery Center,Ambulatory Surgical Center,Ambulatory Surgery,AZ,In-Network
PRV000809,Pioneer Clinical Laboratory,Laboratory,Clinical Laboratory,TX,In-Network
PRV000810,Gateway Clinical Laboratory,Laboratory,Clinical Laboratory,NY,In-Network
PRV000811,Dr. Quinn Irwin,Physician,Dermatology,DE,In-Network
PRV000812,Gateway Medical Clinic,Clinic,Primary Care,CA,Out-of-Network
PRV000813,Blue Ridge Medical Clinic,Clinic,Pediatrics,NY,In-Network
PRV000814,Dr. Blake Lewis,Physician,Dermatology,CA,In-Network
PRV000815,Heritage Imaging Center,Imaging Center,Diagnostic Imaging,VT,Out-of-Network
PRV000816,Dr. Casey Irwin,Physician,Orthopedics,AL,In-Network
PRV000817,Dr. Reese Adams,Physician,Pulmonology,UT,In-Network
PRV000818,Cedar Grove Imaging Center,Imaging Center,Diagnostic Imaging,WI,Out-of-Network
PRV000819,Dr. Morgan Price,Physician,Neurology,SC,In-Network
PRV000820,Dr. Skyler Carter,Physician,Neurology,AL,In-Network
PRV000821,Evergreen Medical Center,Hospital,General Acute Care,CA,In-Network
PRV000822,Dr. Riley Irwin,Physician,Pediatrics,MD,In-Network
PRV000823,Dr. Skyler Bennett,Physician,Primary Care,OR,In-Network
PRV000824,Lakeside Medical Clinic,Clinic,Pediatrics,FL,In-Network
PRV000825,Dr. Skyler Price,Physician,Cardiology,PA,In-Network
PRV000826,Dr. Cameron Grant,Physician,Orthopedics,MT,In-Network
PRV000827,Northstar Medical Clinic,Clinic,Primary Care,OH,In-Network
PRV000828,Westfield Clinical Laboratory,Laboratory,Clinical Laboratory,TX,In-Network
PRV000829,Lakeside Clinical Laboratory,Laboratory,Clinical Laboratory,RI,In-Network
PRV000830,Northstar Medical Clinic,Clinic,Women's Health,RI,In-Network
PRV000831,Dr. Emerson Adams,Physician,Primary Care,FL,Out-of-Network
PRV000832,Dr. Jordan Jordan,Physician,Cardiology,NC,In-Network
PRV000833,Dr. Avery Ellis,Physician,Cardiology,VA,In-Network
PRV000834,Dr. Morgan Irwin,Physician,Neurology,CA,In-Network
PRV000835,Dr. Skyler Irwin,Physician,Cardiology,CA,Out-of-Network
PRV000836,Dr. Blake Bennett,Physician,Cardiology,OH,In-Network
PRV000837,Dr. Casey Lewis,Physician,Pediatrics,TX,Out-of-Network
PRV000838,Dr. Emerson Hayes,Physician,Endocrinology,CO,In-Network
PRV000839,Summit Imaging Center,Imaging Center,Diagnostic Imaging,WI,In-Network
PRV000840,Gateway Imaging Center,Imaging Center,Diagnostic Imaging,WI,In-Network
PRV000841,Dr. Quinn Ellis,Physician,Orthopedics,CA,In-Network
PRV000842,Dr. Rowan Owens,Physician,Pediatrics,GA,In-Network
PRV000843,Oak Valley Medical Center,Hospital,General Acute Care,FL,Out-of-Network
PRV000844,Dr. Rowan Adams,Physician,Neurology,MA,In-Network
PRV000845,Dr. Blake Owens,Physician,Primary Care,IN,In-Network
PRV000846,Westfield Medical Center,Hospital,General Acute Care,SD,In-Network
PRV000847,Pioneer Surgery Center,Ambulatory Surgical Center,Ambulatory Surgery,NY,Out-of-Network
PRV000848,Blue Ridge Medical Clinic,Clinic,Multi-Specialty,CA,In-Network
PRV000849,Gateway Medical Clinic,Clinic,Primary Care,TN,In-Network
PRV000850,Dr. Parker Lewis,Physician,Orthopedics,FL,In-Network
PRV000851,Dr. Taylor King,Physician,Pulmonology,MO,In-Network
PRV000852,Dr. Jordan Bennett,Physician,Neurology,PA,In-Network
PRV000853,Dr. Skyler Morris,Physician,Pulmonology,PA,In-Network
PRV000854,Dr. Parker Ellis,Physician,Cardiology,HI,In-Network
PRV000855,Dr. Taylor Price,Physician,Cardiology,CT,In-Network
PRV000856,Dr. Skyler Nelson,Physician,Neurology,NY,In-Network
PRV000857,Dr. Morgan Owens,Physician,Neurology,CA,In-Network
PRV000858,Lakeside Medical Center,Hospital,General Acute Care,MI,In-Network
PRV000859,Dr. Morgan Lewis,Physician,Primary Care,CA,In-Network
PRV000860,Dr. Parker Irwin,Physician,Pulmonology,AR,In-Network
PRV000861,Dr. Reese King,Physician,Gastroenterology,MO,In-Network
PRV000862,Dr. Blake Jordan,Physician,Dermatology,ND,In-Network
PRV000863,Dr. Riley Morris,Physician,OB/GYN,TX,In-Network
PRV000864,Dr. Rowan Jordan,Physician,Orthopedics,NE,In-Network
PRV000865,Dr. Blake Foster,Physician,Primary Care,AL,In-Network
PRV000866,Dr. Rowan Nelson,Physician,Dermatology,WV,Out-of-Network
PRV000867,Dr. Rowan Grant,Physician,Orthopedics,TX,In-Network
PRV000868,Cedar Grove Medical Clinic,Clinic,Women's Health,PA,In-Network
PRV000869,Oak Valley Surgery Center,Ambulatory Surgical Center,Ambulatory Surgery,MI,In-Network
PRV000870,Westfield Medical Clinic,Clinic,Pediatrics,FL,In-Network
PRV000871,Summit Imaging Center,Imaging Center,Diagnostic Imaging,CA,In-Network
PRV000872,Dr. Morgan Hayes,Physician,Gastroenterology,TN,In-Network
PRV000873,Dr. Cameron Owens,Physician,Gastroenterology,GA,Out-of-Network
PRV000874,Dr. Riley Morris,Physician,Pulmonology,OH,In-Network
PRV000875,Northstar Urgent Care,Urgent Care,Urgent Care,TX,In-Network
PRV000876,Blue Ridge Clinical Laboratory,Laboratory,Clinical Laboratory,MO,In-Network
PRV000877,Dr. Quinn Carter,Physician,Primary Care,CT,In-Network
PRV000878,Dr. Casey Davis,Physician,Endocrinology,TN,In-Network
PRV000879,Heritage Medical Clinic,Clinic,Primary Care,ID,Out-of-Network
PRV000880,Dr. Avery Lewis,Physician,Orthopedics,VA,Out-of-Network
PRV000881,Dr. Avery Hayes,Physician,Pulmonology,FL,In-Network
PRV000882,Gateway Surgery Center,Ambulatory Surgical Center,Ambulatory Surgery,MN,In-Network
PRV000883,Heritage Medical Center,Hospital,General Acute Care,FL,Out-of-Network
PRV000884,Dr. Cameron Carter,Physician,OB/GYN,NY,In-Network
PRV000885,Blue Ridge Medical Clinic,Clinic,Primary Care,PA,In-Network
PRV000886,Dr. Reese Foster,Physician,Gastroenterology,NC,In-Network
PRV000887,Dr. Emerson Morris,Physician,Gastroenterology,LA,In-Network
PRV000888,Oak Valley Medical Clinic,Clinic,Pediatrics,NY,In-Network
PRV000889,Pioneer Medical Clinic,Clinic,Multi-Specialty,TN,Out-of-Network
PRV000890,Evergreen Medical Clinic,Clinic,Women's Health,FL,In-Network
PRV000891,Dr. Hayden Ellis,Physician,Pediatrics,TX,Out-of-Network
PRV000892,Lakeside Clinical Laboratory,Laboratory,Clinical Laboratory,FL,In-Network
PRV000893,Heritage Urgent Care,Urgent Care,Urgent Care,VA,Out-of-Network
PRV000894,Dr. Parker Bennett,Physician,OB/GYN,OK,In-Network
PRV000895,Dr. Reese Carter,Physician,Orthopedics,CA,In-Network
PRV000896,Gateway Clinical Laboratory,Laboratory,Clinical Laboratory,MN,In-Network
PRV000897,Dr. Cameron Adams,Physician,Pediatrics,NY,In-Network
PRV000898,Cedar Grove Urgent Care,Urgent Care,Urgent Care,WI,In-Network
PRV000899,Gateway Clinical Laboratory,Laboratory,Clinical Laboratory,FL,In-Network
PRV000900,Westfield Medical Clinic,Clinic,Primary Care,AZ,In-Network
PRV000901,Blue Ridge Imaging Center,Imaging Center,Diagnostic Imaging,TX,In-Network
PRV000902,Dr. Drew Lewis,Physician,Pulmonology,CA,In-Network
PRV000903,Pioneer Medical Clinic,Clinic,Primary Care,MI,In-Network
PRV000904,Dr. Rowan Davis,Physician,Orthopedics,CO,In-Network
PRV000905,Evergreen Medical Clinic,Clinic,Primary Care,PA,In-Network
PRV000906,Gateway Urgent Care,Urgent Care,Urgent Care,TX,In-Network
PRV000907,Dr. Cameron Irwin,Physician,Primary Care,NY,Out-of-Network
PRV000908,Oak Valley Urgent Care,Urgent Care,Urgent Care,GA,In-Network
PRV000909,Dr. Blake Price,Physician,Pulmonology,FL,In-Network
PRV000910,Dr. Emerson Foster,Physician,OB/GYN,PA,In-Network
PRV000911,Dr. Morgan Grant,Physician,Orthopedics,FL,In-Network
PRV000912,Dr. Rowan Morris,Physician,Orthopedics,WI,In-Network
PRV000913,Riverside Medical Center,Hospital,General Acute Care,TN,In-Network
PRV000914,Dr. Reese Adams,Physician,Dermatology,KY,In-Network
PRV000915,Dr. Blake Jordan,Physician,OB/GYN,NJ,In-Network
PRV000916,Dr. Hayden Grant,Physician,Pulmonology,CA,Out-of-Network
PRV000917,Dr. Rowan Jordan,Physician,Pulmonology,NY,Out-of-Network
PRV000918,Summit Medical Clinic,Clinic,Pediatrics,OH,Out-of-Network
PRV000919,Dr. Emerson King,Physician,OB/GYN,NY,In-Network
PRV000920,Oak Valley Medical Center,Hospital,General Acute Care,NY,Out-of-Network
PRV000921,Gateway Medical Center,Hospital,General Acute Care,AK,In-Network
PRV000922,Dr. Jordan Owens,Physician,Orthopedics,MI,In-Network
PRV000923,Heritage Surgery Center,Ambulatory Surgical Center,Ambulatory Surgery,CA,In-Network
PRV000924,Dr. Drew Price,Physician,Cardiology,IN,In-Network
PRV000925,Dr. Emerson Jordan,Physician,Cardiology,FL,In-Network
PRV000926,Dr. Jordan Adams,Physician,Pediatrics,KY,In-Network
PRV000927,Summit Medical Clinic,Clinic,Pediatrics,MN,In-Network
PRV000928,Dr. Riley Lewis,Physician,Gastroenterology,CA,In-Network
PRV000929,Summit Medical Clinic,Clinic,Multi-Specialty,OK,In-Network
PRV000930,Dr. Taylor Price,Physician,Orthopedics,NY,In-Network
PRV000931,Lakeside Surgery Center,Ambulatory Surgical Center,Ambulatory Surgery,VA,In-Network
PRV000932,Oak Valley Medical Center,Hospital,General Acute Care,OH,In-Network
PRV000933,Summit Medical Center,Hospital,General Acute Care,CA,In-Network
PRV000934,Westfield Surgery Center,Ambulatory Surgical Center,Ambulatory Surgery,AZ,In-Network
PRV000935,Dr. Reese Lewis,Physician,Neurology,CA,Out-of-Network
PRV000936,Dr. Skyler Ellis,Physician,Pediatrics,IN,In-Network
PRV000937,Dr. Avery Foster,Physician,Neurology,NY,In-Network
PRV000938,Dr. Blake Jordan,Physician,Gastroenterology,OH,Out-of-Network
PRV000939,Riverside Medical Clinic,Clinic,Primary Care,WA,In-Network
PRV000940,Oak Valley Medical Clinic,Clinic,Pediatrics,CO,In-Network
PRV000941,Dr. Taylor Price,Physician,Primary Care,CA,In-Network
PRV000942,Dr. Emerson Carter,Physician,Dermatology,AZ,In-Network
PRV000943,Pioneer Medical Center,Hospital,General Acute Care,IL,In-Network
PRV000944,Pioneer Medical Center,Hospital,General Acute Care,NJ,In-Network
PRV000945,Dr. Emerson Foster,Physician,Endocrinology,CA,Out-of-Network
PRV000946,Heritage Medical Clinic,Clinic,Pediatrics,TX,In-Network
PRV000947,Cedar Grove Clinical Laboratory,Laboratory,Clinical Laboratory,TX,In-Network
PRV000948,Dr. Riley Carter,Physician,Endocrinology,WI,In-Network
PRV000949,Heritage Medical Center,Hospital,General Acute Care,NC,In-Network
PRV000950,Oak Valley Urgent Care,Urgent Care,Urgent Care,MA,In-Network
PRV000951,Westfield Clinical Laboratory,Laboratory,Clinical Laboratory,IL,In-Network
PRV000952,Dr. Jordan Lewis,Physician,Primary Care,NC,In-Network
PRV000953,Dr. Riley Carter,Physician,Endocrinology,CT,In-Network
PRV000954,Summit Medical Clinic,Clinic,Primary Care,CA,In-Network
PRV000955,Dr. Rowan Carter,Physician,Pediatrics,GA,In-Network
PRV000956,Summit Clinical Laboratory,Laboratory,Clinical Laboratory,NJ,In-Network
PRV000957,Dr. Drew Owens,Physician,Primary Care,CA,Out-of-Network
PRV000958,Dr. Jordan Owens,Physician,OB/GYN,FL,In-Network
PRV000959,Westfield Medical Clinic,Clinic,Pediatrics,TX,In-Network
PRV000960,Gateway Clinical Laboratory,Laboratory,Clinical Laboratory,IN,Out-of-Network
PRV000961,Summit Imaging Center,Imaging Center,Diagnostic Imaging,MI,In-Network
PRV000962,Dr. Quinn Owens,Physician,Primary Care,MA,In-Network
PRV000963,Dr. Hayden Carter,Physician,Cardiology,CA,In-Network
PRV000964,Dr. Casey Price,Physician,Primary Care,MN,In-Network
PRV000965,Dr. Jordan Irwin,Physician,Cardiology,OK,In-Network
PRV000966,Dr. Emerson Carter,Physician,Primary Care,MI,In-Network
PRV000967,Dr. Blake Morris,Physician,Primary Care,CT,Out-of-Network
PRV000968,Summit Medical Clinic,Clinic,Primary Care,NY,Out-of-Network
PRV000969,Dr. Taylor Lewis,Physician,Dermatology,TX,Out-of-Network
PRV000970,Gateway Medical Clinic,Clinic,Primary Care,CA,In-Network
PRV000971,Dr. Quinn Foster,Physician,Pediatrics,CA,In-Network
PRV000972,Heritage Medical Clinic,Clinic,Primary Care,OH,In-Network
PRV000973,Pioneer Medical Clinic,Clinic,Women's Health,TX,In-Network
PRV000974,Cedar Grove Surgery Center,Ambulatory Surgical Center,Ambulatory Surgery,OH,In-Network
PRV000975,Cedar Grove Surgery Center,Ambulatory Surgical Center,Ambulatory Surgery,TX,In-Network
PRV000976,Dr. Quinn Grant,Physician,Neurology,NY,In-Network
PRV000977,Dr. Morgan Jordan,Physician,Dermatology,WI,In-Network
PRV000978,Lakeside Surgery Center,Ambulatory Surgical Center,Ambulatory Surgery,OH,In-Network
PRV000979,Westfield Medical Clinic,Clinic,Multi-Specialty,VA,In-Network
PRV000980,Dr. Parker Jordan,Physician,Gastroenterology,OH,In-Network
PRV000981,Dr. Hayden Nelson,Physician,Gastroenterology,AR,Out-of-Network
PRV000982,Summit Medical Clinic,Clinic,Primary Care,NJ,In-Network
PRV000983,Dr. Reese Hayes,Physician,Neurology,TX,Out-of-Network
PRV000984,Heritage Urgent Care,Urgent Care,Urgent Care,CT,In-Network
PRV000985,Dr. Jordan Price,Physician,Gastroenterology,GA,Out-of-Network
PRV000986,Westfield Medical Center,Hospital,General Acute Care,LA,In-Network
PRV000987,Cedar Grove Medical Center,Hospital,General Acute Care,WA,Out-of-Network
PRV000988,Dr. Casey Hayes,Physician,Pediatrics,WA,In-Network
PRV000989,Dr. Hayden Ellis,Physician,Cardiology,NJ,In-Network
PRV000990,Dr. Quinn Jordan,Physician,Dermatology,UT,Out-of-Network
PRV000991,Dr. Hayden Foster,Physician,Pediatrics,ID,In-Network
PRV000992,Blue Ridge Imaging Center,Imaging Center,Diagnostic Imaging,NJ,Out-of-Network
PRV000993,Westfield Medical Center,Hospital,General Acute Care,MO,In-Network
PRV000994,Evergreen Urgent Care,Urgent Care,Urgent Care,GA,In-Network
PRV000995,Dr. Emerson Morris,Physician,Primary Care,PA,In-Network
PRV000996,Westfield Imaging Center,Imaging Center,Diagnostic Imaging,IL,In-Network
PRV000997,Dr. Reese King,Physician,Neurology,VA,In-Network
PRV000998,Dr. Emerson Grant,Physician,Gastroenterology,NY,Out-of-Network
PRV000999,Dr. Casey Ellis,Physician,Cardiology,CA,In-Network
PRV001000,Dr. Cameron Jordan,Physician,Pulmonology,FL,In-Network
PRV001001,Dr. Parker Grant,Physician,Pulmonology,MI,In-Network
PRV001002,Evergreen Medical Center,Hospital,General Acute Care,IN,In-Network
PRV001003,Dr. Avery Nelson,Physician,Primary Care,NY,In-Network
PRV001004,Dr. Taylor Davis,Physician,Endocrinology,NC,Out-of-Network
PRV001005,Riverside Surgery Center,Ambulatory Surgical Center,Ambulatory Surgery,OR,In-Network
PRV001006,Summit Medical Center,Hospital,General Acute Care,PA,In-Network
PRV001007,Westfield Clinical Laboratory,Laboratory,Clinical Laboratory,MD,In-Network
PRV001008,Dr. Rowan Ellis,Physician,Pediatrics,TX,In-Network
PRV001009,Pioneer Clinical Laboratory,Laboratory,Clinical Laboratory,FL,In-Network
PRV001010,Dr. Skyler Morris,Physician,Primary Care,OH,In-Network
PRV001011,Dr. Morgan Owens,Physician,Dermatology,CA,In-Network
PRV001012,Dr. Morgan Davis,Physician,Neurology,TN,In-Network
PRV001013,Dr. Riley Davis,Physician,Endocrinology,FL,In-Network
PRV001014,Lakeside Urgent Care,Urgent Care,Urgent Care,IL,In-Network
PRV001015,Oak Valley Surgery Center,Ambulatory Surgical Center,Ambulatory Surgery,NV,In-Network
PRV001016,Dr. Emerson Lewis,Physician,Gastroenterology,FL,Out-of-Network
PRV001017,Oak Valley Surgery Center,Ambulatory Surgical Center,Ambulatory Surgery,NJ,In-Network
PRV001018,Gateway Medical Clinic,Clinic,Women's Health,CA,In-Network
PRV001019,Riverside Medical Clinic,Clinic,Multi-Specialty,AZ,In-Network
PRV001020,Dr. Hayden Hayes,Physician,Pulmonology,NC,In-Network
PRV001021,Blue Ridge Medical Center,Hospital,General Acute Care,FL,In-Network
PRV001022,Dr. Morgan Hayes,Physician,Neurology,AL,Out-of-Network
PRV001023,Oak Valley Medical Clinic,Clinic,Multi-Specialty,NY,In-Network
PRV001024,Dr. Emerson Jordan,Physician,Dermatology,MN,In-Network
PRV001025,Dr. Taylor Foster,Physician,Endocrinology,FL,In-Network
PRV001026,Dr. Hayden Grant,Physician,Pediatrics,OH,In-Network
PRV001027,Westfield Clinical Laboratory,Laboratory,Clinical Laboratory,FL,Out-of-Network
PRV001028,Blue Ridge Surgery Center,Ambulatory Surgical Center,Ambulatory Surgery,CA,In-Network
PRV001029,Dr. Parker Owens,Physician,Pulmonology,NC,Out-of-Network
PRV001030,Dr. Jordan Davis,Physician,Cardiology,GA,Out-of-Network
PRV001031,Cedar Grove Imaging Center,Imaging Center,Diagnostic Imaging,CA,In-Network
PRV001032,Dr. Quinn King,Physician,Endocrinology,CA,In-Network
PRV001033,Dr. Riley Hayes,Physician,Gastroenterology,KY,In-Network
PRV001034,Summit Surgery Center,Ambulatory Surgical Center,Ambulatory Surgery,CA,In-Network
PRV001035,Oak Valley Surgery Center,Ambulatory Surgical Center,Ambulatory Surgery,MA,Out-of-Network
PRV001036,Dr. Casey King,Physician,Dermatology,TX,In-Network
PRV001037,Lakeside Medical Center,Hospital,General Acute Care,IN,In-Network
PRV001038,Oak Valley Medical Clinic,Clinic,Women's Health,GA,In-Network
PRV001039,Oak Valley Medical Clinic,Clinic,Multi-Specialty,CA,In-Network
PRV001040,Dr. Casey Irwin,Physician,Pediatrics,NJ,In-Network
PRV001041,Dr. Quinn Jordan,Physician,OB/GYN,FL,In-Network
PRV001042,Pioneer Medical Center,Hospital,General Acute Care,TX,In-Network
PRV001043,Dr. Parker Irwin,Physician,Orthopedics,WA,In-Network
PRV001044,Dr. Parker Irwin,Physician,Gastroenterology,AZ,In-Network
PRV001045,Blue Ridge Medical Clinic,Clinic,Multi-Specialty,OH,In-Network
PRV001046,Dr. Parker Morris,Physician,Neurology,NY,In-Network
PRV001047,Dr. Blake Foster,Physician,Orthopedics,FL,In-Network
PRV001048,Dr. Parker Grant,Physician,Endocrinology,FL,Out-of-Network
PRV001049,Gateway Urgent Care,Urgent Care,Urgent Care,FL,In-Network
PRV001050,Dr. Hayden Bennett,Physician,OB/GYN,TN,In-Network
PRV001051,Dr. Casey Nelson,Physician,Gastroenterology,MA,In-Network
PRV001052,Dr. Drew Hayes,Physician,Orthopedics,CA,In-Network
PRV001053,Dr. Skyler King,Physician,Pediatrics,NY,Out-of-Network
PRV001054,Dr. Reese Ellis,Physician,Cardiology,CA,Out-of-Network
PRV001055,Blue Ridge Medical Clinic,Clinic,Women's Health,TX,In-Network
PRV001056,Dr. Parker Irwin,Physician,Endocrinology,MD,In-Network
PRV001057,Cedar Grove Medical Clinic,Clinic,Multi-Specialty,AR,In-Network
PRV001058,Westfield Imaging Center,Imaging Center,Diagnostic Imaging,IN,In-Network
PRV001059,Blue Ridge Medical Clinic,Clinic,Pediatrics,PA,Out-of-Network
PRV001060,Gateway Medical Clinic,Clinic,Pediatrics,OK,In-Network
PRV001061,Gateway Urgent Care,Urgent Care,Urgent Care,NJ,In-Network
PRV001062,Dr. Reese Bennett,Physician,Cardiology,NJ,In-Network
PRV001063,Dr. Emerson Bennett,Physician,Neurology,GA,In-Network
PRV001064,Heritage Imaging Center,Imaging Center,Diagnostic Imaging,AZ,In-Network
PRV001065,Dr. Rowan Irwin,Physician,Orthopedics,FL,In-Network
PRV001066,Dr. Emerson Morris,Physician,Pulmonology,WI,In-Network
PRV001067,Dr. Parker Foster,Physician,Pediatrics,TX,Out-of-Network
PRV001068,Dr. Hayden Irwin,Physician,Neurology,TX,Out-of-Network
PRV001069,Dr. Cameron King,Physician,Pediatrics,MA,In-Network
PRV001070,Gateway Surgery Center,Ambulatory Surgical Center,Ambulatory Surgery,NY,In-Network
PRV001071,Oak Valley Medical Clinic,Clinic,Women's Health,IL,In-Network
PRV001072,Riverside Imaging Center,Imaging Center,Diagnostic Imaging,SD,In-Network
PRV001073,Dr. Casey Jordan,Physician,Cardiology,IN,In-Network
PRV001074,Pioneer Clinical Laboratory,Laboratory,Clinical Laboratory,CA,In-Network
PRV001075,Dr. Riley Morris,Physician,Pediatrics,FL,In-Network
PRV001076,Dr. Rowan Adams,Physician,Cardiology,OH,Out-of-Network
PRV001077,Lakeside Medical Center,Hospital,General Acute Care,KY,Out-of-Network
PRV001078,Dr. Rowan Nelson,Physician,Gastroenterology,VA,Out-of-Network
PRV001079,Lakeside Imaging Center,Imaging Center,Diagnostic Imaging,NC,In-Network
PRV001080,Dr. Taylor Nelson,Physician,Dermatology,TN,In-Network
PRV001081,Dr. Morgan King,Physician,Pulmonology,TX,In-Network
PRV001082,Dr. Casey Foster,Physician,Pulmonology,PA,In-Network
PRV001083,Dr. Reese King,Physician,OB/GYN,SC,In-Network
PRV001084,Gateway Medical Clinic,Clinic,Pediatrics,FL,In-Network
PRV001085,Westfield Medical Center,Hospital,General Acute Care,CT,In-Network
PRV001086,Northstar Surgery Center,Ambulatory Surgical Center,Ambulatory Surgery,HI,In-Network
PRV001087,Pioneer Medical Clinic,Clinic,Women's Health,AZ,Out-of-Network
PRV001088,Dr. Casey Nelson,Physician,OB/GYN,AR,In-Network
PRV001089,Northstar Urgent Care,Urgent Care,Urgent Care,MN,In-Network
PRV001090,Dr. Jordan Owens,Physician,Orthopedics,MD,In-Network
PRV001091,Westfield Medical Clinic,Clinic,Pediatrics,TX,In-Network
PRV001092,Dr. Taylor Foster,Physician,Pulmonology,KY,Out-of-Network
PRV001093,Dr. Reese Grant,Physician,Gastroenterology,MS,Out-of-Network
PRV001094,Oak Valley Medical Center,Hospital,General Acute Care,TX,In-Network
PRV001095,Dr. Rowan Grant,Physician,Dermatology,CA,In-Network
PRV001096,Oak Valley Medical Center,Hospital,General Acute Care,NC,In-Network
PRV001097,Northstar Medical Center,Hospital,General Acute Care,MN,In-Network
PRV001098,Riverside Clinical Laboratory,Laboratory,Clinical Laboratory,IN,In-Network
PRV001099,Westfield Clinical Laboratory,Laboratory,Clinical Laboratory,NY,In-Network
PRV001100,Dr. Quinn Davis,Physician,Gastroenterology,PA,In-Network
PRV001101,Dr. Jordan Lewis,Physician,Endocrinology,CA,In-Network
PRV001102,Dr. Cameron Owens,Physician,Dermatology,MD,In-Network
PRV001103,Blue Ridge Urgent Care,Urgent Care,Urgent Care,GA,In-Network
PRV001104,Oak Valley Imaging Center,Imaging Center,Diagnostic Imaging,AL,In-Network
PRV001105,Dr. Hayden Nelson,Physician,Primary Care,NY,In-Network
PRV001106,Dr. Skyler Carter,Physician,Pediatrics,CA,In-Network
PRV001107,Lakeside Medical Center,Hospital,General Acute Care,CT,In-Network
PRV001108,Dr. Riley Grant,Physician,OB/GYN,CA,In-Network
PRV001109,Dr. Morgan Owens,Physician,Pediatrics,AL,In-Network
PRV001110,Dr. Morgan Adams,Physician,Cardiology,NC,Out-of-Network
PRV001111,Evergreen Medical Clinic,Clinic,Pediatrics,OK,Out-of-Network
PRV001112,Dr. Riley Jordan,Physician,Pulmonology,CA,In-Network
PRV001113,Dr. Quinn Owens,Physician,Orthopedics,FL,In-Network
PRV001114,Lakeside Surgery Center,Ambulatory Surgical Center,Ambulatory Surgery,TX,In-Network
PRV001115,Dr. Parker Carter,Physician,Cardiology,NY,In-Network
PRV001116,Dr. Drew Hayes,Physician,Pediatrics,MI,Out-of-Network
PRV001117,Oak Valley Medical Center,Hospital,General Acute Care,CA,In-Network
PRV001118,Heritage Medical Center,Hospital,General Acute Care,NM,Out-of-Network
PRV001119,Blue Ridge Medical Clinic,Clinic,Multi-Specialty,TX,Out-of-Network
PRV001120,Heritage Medical Clinic,Clinic,Primary Care,NC,In-Network
PRV001121,Dr. Hayden Hayes,Physician,Gastroenterology,NC,In-Network
PRV001122,Northstar Imaging Center,Imaging Center,Diagnostic Imaging,CA,In-Network
PRV001123,Cedar Grove Medical Center,Hospital,General Acute Care,MN,In-Network
PRV001124,Dr. Avery Irwin,Physician,Endocrinology,IN,Out-of-Network
PRV001125,Evergreen Imaging Center,Imaging Center,Diagnostic Imaging,NC,Out-of-Network
PRV001126,Dr. Reese Davis,Physician,Orthopedics,TX,In-Network
PRV001127,Heritage Medical Clinic,Clinic,Women's Health,OR,In-Network
PRV001128,Dr. Blake Price,Physician,Pediatrics,OH,In-Network
PRV001129,Dr. Blake Davis,Physician,Primary Care,PA,Out-of-Network
PRV001130,Dr. Avery Nelson,Physician,Neurology,IA,In-Network
PRV001131,Gateway Medical Clinic,Clinic,Multi-Specialty,MA,In-Network
PRV001132,Northstar Medical Clinic,Clinic,Primary Care,NJ,Out-of-Network
PRV001133,Blue Ridge Medical Center,Hospital,General Acute Care,CO,In-Network
PRV001134,Dr. Hayden Foster,Physician,Orthopedics,NY,In-Network
PRV001135,Summit Medical Center,Hospital,General Acute Care,PA,In-Network
PRV001136,Dr. Hayden Nelson,Physician,Endocrinology,CA,In-Network
PRV001137,Dr. Parker Irwin,Physician,Neurology,PA,In-Network
PRV001138,Dr. Rowan Owens,Physician,Pulmonology,CA,In-Network
PRV001139,Westfield Urgent Care,Urgent Care,Urgent Care,NY,In-Network
PRV001140,Dr. Avery Morris,Physician,Gastroenterology,WA,In-Network
PRV001141,Dr. Skyler Nelson,Physician,Endocrinology,TX,In-Network
PRV001142,Cedar Grove Medical Clinic,Clinic,Primary Care,FL,Out-of-Network
PRV001143,Evergreen Imaging Center,Imaging Center,Diagnostic Imaging,CA,In-Network
PRV001144,Lakeside Imaging Center,Imaging Center,Diagnostic Imaging,VA,In-Network
PRV001145,Lakeside Clinical Laboratory,Laboratory,Clinical Laboratory,TX,Out-of-Network
PRV001146,Dr. Quinn Morris,Physician,Orthopedics,NM,In-Network
PRV001147,Dr. Rowan Foster,Physician,Dermatology,AZ,In-Network
PRV001148,Westfield Medical Center,Hospital,General Acute Care,MO,In-Network
PRV001149,Northstar Imaging Center,Imaging Center,Diagnostic Imaging,PA,In-Network
PRV001150,Dr. Jordan Grant,Physician,Pediatrics,NY,Out-of-Network
PRV001151,Dr. Hayden Owens,Physician,Neurology,OH,In-Network
PRV001152,Dr. Drew Foster,Physician,Orthopedics,MA,In-Network
PRV001153,Evergreen Clinical Laboratory,Laboratory,Clinical Laboratory,MD,In-Network
PRV001154,Pioneer Surgery Center,Ambulatory Surgical Center,Ambulatory Surgery,PA,Out-of-Network
PRV001155,Dr. Riley Carter,Physician,OB/GYN,NE,In-Network
PRV001156,Dr. Rowan Nelson,Physician,Cardiology,MS,Out-of-Network
PRV001157,Northstar Medical Clinic,Clinic,Multi-Specialty,FL,Out-of-Network
PRV001158,Dr. Emerson Irwin,Physician,OB/GYN,WV,In-Network
PRV001159,Blue Ridge Medical Center,Hospital,General Acute Care,AZ,In-Network
PRV001160,Dr. Taylor Carter,Physician,Gastroenterology,WA,In-Network
PRV001161,Evergreen Medical Clinic,Clinic,Pediatrics,CO,In-Network
PRV001162,Dr. Rowan Price,Physician,Dermatology,CA,In-Network
PRV001163,Dr. Drew Lewis,Physician,Gastroenterology,CA,In-Network
PRV001164,Pioneer Medical Clinic,Clinic,Primary Care,NY,In-Network
PRV001165,Dr. Blake Price,Physician,Dermatology,CA,In-Network
PRV001166,Dr. Taylor Lewis,Physician,Dermatology,NY,In-Network
PRV001167,Summit Clinical Laboratory,Laboratory,Clinical Laboratory,FL,In-Network
PRV001168,Evergreen Medical Center,Hospital,General Acute Care,FL,In-Network
PRV001169,Cedar Grove Medical Center,Hospital,General Acute Care,TN,In-Network
PRV001170,Dr. Rowan Bennett,Physician,Cardiology,ID,In-Network
PRV001171,Lakeside Medical Clinic,Clinic,Multi-Specialty,CT,In-Network
PRV001172,Dr. Jordan Lewis,Physician,Pulmonology,UT,In-Network
PRV001173,Dr. Rowan Grant,Physician,Pediatrics,MN,In-Network
PRV001174,Oak Valley Medical Center,Hospital,General Acute Care,NJ,In-Network
PRV001175,Lakeside Clinical Laboratory,Laboratory,Clinical Laboratory,TX,In-Network
PRV001176,Dr. Taylor Ellis,Physician,Neurology,CA,In-Network
PRV001177,Dr. Rowan King,Physician,Neurology,NY,In-Network
PRV001178,Lakeside Clinical Laboratory,Laboratory,Clinical Laboratory,IL,In-Network
PRV001179,Dr. Rowan Jordan,Physician,Pulmonology,IL,Out-of-Network
PRV001180,Westfield Medical Clinic,Clinic,Pediatrics,TX,Out-of-Network
PRV001181,Westfield Clinical Laboratory,Laboratory,Clinical Laboratory,MD,In-Network
PRV001182,Dr. Drew Price,Physician,Gastroenterology,NY,In-Network
PRV001183,Oak Valley Imaging Center,Imaging Center,Diagnostic Imaging,TX,In-Network
PRV001184,Pioneer Clinical Laboratory,Laboratory,Clinical Laboratory,AR,In-Network
PRV001185,Dr. Parker Bennett,Physician,Primary Care,NJ,In-Network
PRV001186,Dr. Blake Jordan,Physician,Dermatology,CO,Out-of-Network
PRV001187,Dr. Avery Irwin,Physician,Primary Care,NY,In-Network
PRV001188,Gateway Urgent Care,Urgent Care,Urgent Care,CA,In-Network
PRV001189,Dr. Jordan Adams,Physician,Cardiology,NY,In-Network
PRV001190,Dr. Drew Bennett,Physician,Gastroenterology,GA,In-Network
PRV001191,Lakeside Medical Center,Hospital,General Acute Care,NV,In-Network
PRV001192,Dr. Jordan Price,Physician,Orthopedics,MT,In-Network
PRV001193,Dr. Cameron Bennett,Physician,Primary Care,IL,In-Network
PRV001194,Blue Ridge Medical Clinic,Clinic,Primary Care,TX,In-Network
PRV001195,Oak Valley Medical Clinic,Clinic,Multi-Specialty,NY,In-Network
PRV001196,Blue Ridge Medical Center,Hospital,General Acute Care,TN,In-Network
PRV001197,Blue Ridge Medical Center,Hospital,General Acute Care,NC,In-Network
PRV001198,Dr. Cameron Carter,Physician,Dermatology,FL,In-Network
PRV001199,Dr. Riley Hayes,Physician,Pediatrics,AL,In-Network
PRV001200,Summit Medical Center,Hospital,General Acute Care,TX,In-Network
PRV001201,Oak Valley Clinical Laboratory,Laboratory,Clinical Laboratory,AL,In-Network
PRV001202,Gateway Clinical Laboratory,Laboratory,Clinical Laboratory,MN,In-Network
PRV001203,Dr. Taylor Price,Physician,Cardiology,PA,In-Network
PRV001204,Lakeside Medical Center,Hospital,General Acute Care,OH,Out-of-Network
PRV001205,Dr. Drew Foster,Physician,Primary Care,WA,In-Network
PRV001206,Pioneer Medical Clinic,Clinic,Primary Care,MI,In-Network
PRV001207,Westfield Clinical Laboratory,Laboratory,Clinical Laboratory,OK,In-Network
PRV001208,Dr. Rowan Grant,Physician,Pediatrics,MO,In-Network
PRV001209,Lakeside Clinical Laboratory,Laboratory,Clinical Laboratory,VA,In-Network
PRV001210,Summit Medical Center,Hospital,General Acute Care,IL,Out-of-Network
PRV001211,Oak Valley Medical Center,Hospital,General Acute Care,SD,In-Network
PRV001212,Gateway Medical Clinic,Clinic,Pediatrics,IL,In-Network
PRV001213,Gateway Clinical Laboratory,Laboratory,Clinical Laboratory,WA,In-Network
PRV001214,Dr. Morgan Morris,Physician,Gastroenterology,CA,Out-of-Network
PRV001215,Dr. Reese Hayes,Physician,Endocrinology,SC,In-Network
PRV001216,Heritage Medical Clinic,Clinic,Primary Care,ME,In-Network
PRV001217,Dr. Cameron Morris,Physician,Dermatology,NY,In-Network
PRV001218,Dr. Jordan Lewis,Physician,Gastroenterology,CA,In-Network
PRV001219,Riverside Urgent Care,Urgent Care,Urgent Care,AR,In-Network
PRV001220,Summit Clinical Laboratory,Laboratory,Clinical Laboratory,OK,In-Network
PRV001221,Dr. Cameron Irwin,Physician,Pulmonology,CO,In-Network
PRV001222,Riverside Urgent Care,Urgent Care,Urgent Care,NY,In-Network
PRV001223,Westfield Urgent Care,Urgent Care,Urgent Care,NJ,In-Network
PRV001224,Dr. Morgan Hayes,Physician,Gastroenterology,GA,In-Network
PRV001225,Oak Valley Medical Clinic,Clinic,Women's Health,CA,Out-of-Network
PRV001226,Dr. Morgan King,Physician,OB/GYN,NY,Out-of-Network
PRV001227,Dr. Blake Owens,Physician,Pulmonology,OH,Out-of-Network
PRV001228,Heritage Imaging Center,Imaging Center,Diagnostic Imaging,MA,Out-of-Network
PRV001229,Dr. Rowan Adams,Physician,Neurology,OK,Out-of-Network
PRV001230,Dr. Skyler Lewis,Physician,Neurology,NC,In-Network
PRV001231,Dr. Parker Jordan,Physician,OB/GYN,SC,Out-of-Network
PRV001232,Dr. Hayden Foster,Physician,Orthopedics,NJ,In-Network
PRV001233,Oak Valley Medical Center,Hospital,General Acute Care,WA,In-Network
PRV001234,Dr. Parker Ellis,Physician,Pediatrics,AZ,In-Network
PRV001235,Dr. Drew Price,Physician,Pediatrics,WI,In-Network
PRV001236,Gateway Medical Clinic,Clinic,Multi-Specialty,CA,Out-of-Network
PRV001237,Pioneer Medical Clinic,Clinic,Primary Care,IL,In-Network
PRV001238,Cedar Grove Medical Center,Hospital,General Acute Care,NY,In-Network
PRV001239,Dr. Quinn Lewis,Physician,Pulmonology,IA,In-Network
PRV001240,Dr. Skyler Foster,Physician,Dermatology,FL,In-Network
PRV001241,Blue Ridge Medical Clinic,Clinic,Primary Care,NE,In-Network
PRV001242,Pioneer Medical Clinic,Clinic,Women's Health,MS,In-Network
PRV001243,Dr. Casey Hayes,Physician,Neurology,WI,Out-of-Network
PRV001244,Dr. Blake Grant,Physician,Dermatology,FL,In-Network
PRV001245,Northstar Imaging Center,Imaging Center,Diagnostic Imaging,NV,Out-of-Network
PRV001246,Dr. Casey Davis,Physician,Cardiology,PA,In-Network
PRV001247,Dr. Morgan Hayes,Physician,Pediatrics,TX,In-Network
PRV001248,Cedar Grove Medical Clinic,Clinic,Multi-Specialty,PA,In-Network
PRV001249,Dr. Skyler Nelson,Physician,Orthopedics,MN,In-Network
PRV001250,Lakeside Medical Clinic,Clinic,Primary Care,KY,In-Network
PRV001251,Heritage Imaging Center,Imaging Center,Diagnostic Imaging,KY,In-Network
PRV001252,Dr. Blake Carter,Physician,Pulmonology,MI,In-Network
PRV001253,Riverside Medical Clinic,Clinic,Women's Health,VA,In-Network
PRV001254,Blue Ridge Medical Center,Hospital,General Acute Care,WV,In-Network
PRV001255,Summit Medical Clinic,Clinic,Multi-Specialty,MI,In-Network
PRV001256,Dr. Morgan Hayes,Physician,Gastroenterology,NM,In-Network
PRV001257,Dr. Skyler Jordan,Physician,Neurology,ID,In-Network
PRV001258,Dr. Skyler Bennett,Physician,Cardiology,AL,In-Network
PRV001259,Riverside Medical Center,Hospital,General Acute Care,IN,In-Network
PRV001260,Heritage Medical Clinic,Clinic,Primary Care,TX,In-Network
PRV001261,Pioneer Urgent Care,Urgent Care,Urgent Care,CA,In-Network
PRV001262,Dr. Avery Grant,Physician,Gastroenterology,NJ,In-Network
PRV001263,Westfield Medical Clinic,Clinic,Women's Health,CA,In-Network
PRV001264,Gateway Medical Center,Hospital,General Acute Care,MO,In-Network
PRV001265,Oak Valley Medical Clinic,Clinic,Multi-Specialty,NJ,In-Network
PRV001266,Riverside Medical Center,Hospital,General Acute Care,TX,In-Network
PRV001267,Dr. Casey Adams,Physician,Dermatology,OH,In-Network
PRV001268,Dr. Reese Carter,Physician,Gastroenterology,TX,In-Network
PRV001269,Evergreen Surgery Center,Ambulatory Surgical Center,Ambulatory Surgery,NC,In-Network
PRV001270,Summit Urgent Care,Urgent Care,Urgent Care,ID,In-Network
PRV001271,Blue Ridge Medical Clinic,Clinic,Women's Health,NJ,In-Network
PRV001272,Dr. Reese Owens,Physician,Primary Care,CA,In-Network
PRV001273,Lakeside Clinical Laboratory,Laboratory,Clinical Laboratory,NY,In-Network
PRV001274,Blue Ridge Medical Clinic,Clinic,Primary Care,TX,Out-of-Network
PRV001275,Dr. Casey Price,Physician,Dermatology,TX,In-Network
PRV001276,Blue Ridge Urgent Care,Urgent Care,Urgent Care,AZ,In-Network
PRV001277,Dr. Morgan Lewis,Physician,Gastroenterology,AL,In-Network
PRV001278,Dr. Quinn Foster,Physician,Dermatology,WA,In-Network
PRV001279,Heritage Medical Clinic,Clinic,Pediatrics,OH,In-Network
PRV001280,Westfield Medical Clinic,Clinic,Multi-Specialty,AL,In-Network
PRV001281,Northstar Medical Center,Hospital,General Acute Care,CA,In-Network
PRV001282,Gateway Urgent Care,Urgent Care,Urgent Care,NY,Out-of-Network
PRV001283,Cedar Grove Medical Clinic,Clinic,Women's Health,FL,In-Network
PRV001284,Dr. Reese Morris,Physician,Primary Care,IA,In-Network
PRV001285,Heritage Clinical Laboratory,Laboratory,Clinical Laboratory,MN,In-Network
PRV001286,Dr. Avery Jordan,Physician,OB/GYN,TX,In-Network
PRV001287,Gateway Imaging Center,Imaging Center,Diagnostic Imaging,IN,In-Network
PRV001288,Dr. Morgan Grant,Physician,Pulmonology,WV,Out-of-Network
PRV001289,Dr. Skyler Bennett,Physician,Cardiology,VA,In-Network
PRV001290,Dr. Skyler Owens,Physician,Endocrinology,MN,In-Network
PRV001291,Westfield Imaging Center,Imaging Center,Diagnostic Imaging,TX,In-Network
PRV001292,Dr. Taylor Hayes,Physician,Pulmonology,AZ,In-Network
PRV001293,Northstar Imaging Center,Imaging Center,Diagnostic Imaging,MD,Out-of-Network
PRV001294,Dr. Blake Adams,Physician,Primary Care,WY,In-Network
PRV001295,Dr. Jordan Grant,Physician,Pulmonology,NC,In-Network
PRV001296,Westfield Medical Clinic,Clinic,Multi-Specialty,AL,In-Network
PRV001297,Dr. Parker Nelson,Physician,Pediatrics,GA,In-Network
PRV001298,Dr. Skyler Grant,Physician,Orthopedics,LA,In-Network
PRV001299,Dr. Morgan Foster,Physician,Cardiology,GA,In-Network
PRV001300,Dr. Hayden Morris,Physician,Gastroenterology,NY,Out-of-Network
PRV001301,Dr. Reese Adams,Physician,Pulmonology,PA,Out-of-Network
PRV001302,Dr. Cameron Owens,Physician,Pediatrics,CA,In-Network
PRV001303,Dr. Avery Nelson,Physician,Pediatrics,OH,In-Network
PRV001304,Dr. Quinn Morris,Physician,Pediatrics,WI,In-Network
PRV001305,Dr. Quinn Adams,Physician,OB/GYN,TN,In-Network
PRV001306,Dr. Rowan Owens,Physician,Primary Care,CA,In-Network
PRV001307,Northstar Urgent Care,Urgent Care,Urgent Care,WI,In-Network
PRV001308,Dr. Cameron Bennett,Physician,Endocrinology,TX,In-Network
PRV001309,Northstar Imaging Center,Imaging Center,Diagnostic Imaging,TX,In-Network
PRV001310,Blue Ridge Surgery Center,Ambulatory Surgical Center,Ambulatory Surgery,MN,Out-of-Network
PRV001311,Dr. Cameron Carter,Physician,Endocrinology,LA,Out-of-Network
PRV001312,Evergreen Imaging Center,Imaging Center,Diagnostic Imaging,VA,In-Network
PRV001313,Summit Medical Clinic,Clinic,Pediatrics,MS,In-Network
PRV001314,Dr. Skyler Ellis,Physician,Gastroenterology,FL,In-Network
PRV001315,Pioneer Urgent Care,Urgent Care,Urgent Care,ME,In-Network
PRV001316,Riverside Urgent Care,Urgent Care,Urgent Care,VA,Out-of-Network
PRV001317,Blue Ridge Surgery Center,Ambulatory Surgical Center,Ambulatory Surgery,OH,In-Network
PRV001318,Summit Clinical Laboratory,Laboratory,Clinical Laboratory,CA,In-Network
PRV001319,Dr. Rowan Nelson,Physician,Gastroenterology,TX,In-Network
PRV001320,Dr. Drew Adams,Physician,Pulmonology,GA,In-Network
PRV001321,Dr. Drew Bennett,Physician,Primary Care,MO,In-Network
PRV001322,Dr. Avery Nelson,Physician,Dermatology,IL,Out-of-Network
PRV001323,Westfield Surgery Center,Ambulatory Surgical Center,Ambulatory Surgery,FL,In-Network
PRV001324,Dr. Taylor Morris,Physician,Gastroenterology,SC,In-Network
PRV001325,Gateway Clinical Laboratory,Laboratory,Clinical Laboratory,FL,Out-of-Network
PRV001326,Dr. Rowan Ellis,Physician,Dermatology,RI,In-Network
PRV001327,Pioneer Medical Center,Hospital,General Acute Care,SC,In-Network
PRV001328,Riverside Imaging Center,Imaging Center,Diagnostic Imaging,IL,In-Network
PRV001329,Summit Surgery Center,Ambulatory Surgical Center,Ambulatory Surgery,FL,In-Network
PRV001330,Summit Imaging Center,Imaging Center,Diagnostic Imaging,WI,In-Network
PRV001331,Dr. Taylor Adams,Physician,Primary Care,NH,Out-of-Network
PRV001332,Dr. Riley Grant,Physician,Pulmonology,TX,In-Network
PRV001333,Heritage Clinical Laboratory,Laboratory,Clinical Laboratory,TX,In-Network
PRV001334,Pioneer Medical Center,Hospital,General Acute Care,FL,In-Network
PRV001335,Dr. Cameron Irwin,Physician,Cardiology,SC,In-Network
PRV001336,Dr. Blake Carter,Physician,Primary Care,VA,Out-of-Network
PRV001337,Westfield Urgent Care,Urgent Care,Urgent Care,CA,In-Network
PRV001338,Riverside Medical Center,Hospital,General Acute Care,MA,In-Network
PRV001339,Dr. Taylor Adams,Physician,Primary Care,TN,In-Network
PRV001340,Summit Urgent Care,Urgent Care,Urgent Care,CA,In-Network
PRV001341,Dr. Hayden Morris,Physician,Primary Care,NY,Out-of-Network
PRV001342,Dr. Morgan Carter,Physician,Orthopedics,NC,In-Network
PRV001343,Dr. Morgan Foster,Physician,Cardiology,NY,In-Network
PRV001344,Dr. Parker Owens,Physician,OB/GYN,NY,In-Network
PRV001345,Blue Ridge Medical Clinic,Clinic,Pediatrics,PA,In-Network
PRV001346,Blue Ridge Imaging Center,Imaging Center,Diagnostic Imaging,WA,In-Network
PRV001347,Dr. Drew Carter,Physician,Pulmonology,IL,In-Network
PRV001348,Dr. Drew Adams,Physician,Pulmonology,IL,In-Network
PRV001349,Dr. Morgan Owens,Physician,Orthopedics,NY,In-Network
PRV001350,Pioneer Medical Clinic,Clinic,Primary Care,FL,In-Network
PRV001351,Dr. Reese Adams,Physician,Endocrinology,CA,In-Network
PRV001352,Dr. Quinn Adams,Physician,OB/GYN,SD,In-Network
PRV001353,Dr. Morgan Davis,Physician,Dermatology,AZ,Out-of-Network
PRV001354,Dr. Quinn Nelson,Physician,Pulmonology,NY,In-Network
PRV001355,Westfield Medical Center,Hospital,General Acute Care,TX,Out-of-Network
PRV001356,Heritage Medical Center,Hospital,General Acute Care,KS,Out-of-Network
PRV001357,Cedar Grove Medical Clinic,Clinic,Primary Care,PA,Out-of-Network
PRV001358,Dr. Parker Grant,Physician,Dermatology,OK,Out-of-Network
PRV001359,Dr. Reese Hayes,Physician,Endocrinology,WA,In-Network
PRV001360,Blue Ridge Medical Clinic,Clinic,Women's Health,CA,In-Network
PRV001361,Evergreen Medical Clinic,Clinic,Multi-Specialty,MO,Out-of-Network
PRV001362,Dr. Casey Morris,Physician,Orthopedics,MO,In-Network
PRV001363,Dr. Rowan Bennett,Physician,Orthopedics,AZ,In-Network
PRV001364,Oak Valley Medical Clinic,Clinic,Pediatrics,AL,In-Network
PRV001365,Dr. Jordan Jordan,Physician,Gastroenterology,TX,In-Network
PRV001366,Pioneer Imaging Center,Imaging Center,Diagnostic Imaging,VA,In-Network
PRV001367,Heritage Medical Center,Hospital,General Acute Care,GA,In-Network
PRV001368,Dr. Emerson King,Physician,Pulmonology,ID,In-Network
PRV001369,Summit Clinical Laboratory,Laboratory,Clinical Laboratory,OK,In-Network
PRV001370,Dr. Cameron Jordan,Physician,Gastroenterology,OK,Out-of-Network
PRV001371,Lakeside Medical Clinic,Clinic,Pediatrics,FL,In-Network
PRV001372,Riverside Medical Clinic,Clinic,Women's Health,CO,Out-of-Network
PRV001373,Dr. Avery Foster,Physician,OB/GYN,CA,In-Network
PRV001374,Dr. Casey Nelson,Physician,Pediatrics,MI,In-Network
PRV001375,Dr. Parker Grant,Physician,OB/GYN,TX,In-Network
PRV001376,Dr. Taylor Carter,Physician,Gastroenterology,WI,Out-of-Network
PRV001377,Dr. Emerson Morris,Physician,Gastroenterology,OK,In-Network
PRV001378,Dr. Quinn Lewis,Physician,OB/GYN,NV,In-Network
PRV001379,Dr. Blake Owens,Physician,Dermatology,VA,Out-of-Network
PRV001380,Dr. Parker Bennett,Physician,Pulmonology,CA,In-Network
PRV001381,Blue Ridge Urgent Care,Urgent Care,Urgent Care,CA,In-Network
PRV001382,Dr. Rowan King,Physician,Cardiology,SD,In-Network
PRV001383,Dr. Riley Carter,Physician,Pediatrics,FL,Out-of-Network
PRV001384,Blue Ridge Imaging Center,Imaging Center,Diagnostic Imaging,NM,Out-of-Network
PRV001385,Heritage Surgery Center,Ambulatory Surgical Center,Ambulatory Surgery,OK,In-Network
PRV001386,Dr. Reese Morris,Physician,Pediatrics,OH,In-Network
PRV001387,Dr. Emerson Price,Physician,Dermatology,TX,In-Network
PRV001388,Dr. Emerson Price,Physician,Orthopedics,AZ,In-Network
PRV001389,Evergreen Medical Clinic,Clinic,Primary Care,AZ,In-Network
PRV001390,Evergreen Urgent Care,Urgent Care,Urgent Care,MN,Out-of-Network
PRV001391,Dr. Hayden Jordan,Physician,OB/GYN,OR,In-Network
PRV001392,Westfield Medical Clinic,Clinic,Multi-Specialty,FL,In-Network
PRV001393,Evergreen Urgent Care,Urgent Care,Urgent Care,VA,In-Network
PRV001394,Dr. Hayden King,Physician,OB/GYN,NY,In-Network
PRV001395,Dr. Rowan Nelson,Physician,Orthopedics,IL,In-Network
PRV001396,Dr. Cameron Bennett,Physician,Gastroenterology,TX,In-Network
PRV001397,Dr. Quinn Morris,Physician,Orthopedics,PA,In-Network
PRV001398,Dr. Casey King,Physician,Pediatrics,AL,In-Network
PRV001399,Evergreen Medical Clinic,Clinic,Multi-Specialty,NH,In-Network
PRV001400,Dr. Skyler Irwin,Physician,Pediatrics,CA,In-Network
PRV001401,Pioneer Medical Clinic,Clinic,Multi-Specialty,LA,In-Network
PRV001402,Dr. Hayden Ellis,Physician,Pediatrics,MA,In-Network
PRV001403,Northstar Medical Center,Hospital,General Acute Care,IL,In-Network
PRV001404,Summit Medical Clinic,Clinic,Primary Care,TX,In-Network
PRV001405,Evergreen Surgery Center,Ambulatory Surgical Center,Ambulatory Surgery,NY,In-Network
PRV001406,Northstar Medical Center,Hospital,General Acute Care,NC,In-Network
PRV001407,Heritage Clinical Laboratory,Laboratory,Clinical Laboratory,VA,In-Network
PRV001408,Riverside Urgent Care,Urgent Care,Urgent Care,NC,In-Network
PRV001409,Dr. Parker Bennett,Physician,Gastroenterology,PA,Out-of-Network
PRV001410,Dr. Rowan Owens,Physician,Dermatology,OK,In-Network
PRV001411,Northstar Medical Center,Hospital,General Acute Care,MN,In-Network
PRV001412,Dr. Casey Lewis,Physician,Pediatrics,OK,In-Network
PRV001413,Riverside Imaging Center,Imaging Center,Diagnostic Imaging,LA,Out-of-Network
PRV001414,Dr. Blake Grant,Physician,Dermatology,SC,In-Network
PRV001415,Dr. Parker Davis,Physician,Neurology,VA,In-Network
PRV001416,Blue Ridge Medical Center,Hospital,General Acute Care,GA,Out-of-Network
PRV001417,Blue Ridge Urgent Care,Urgent Care,Urgent Care,MD,Out-of-Network
PRV001418,Dr. Emerson Price,Physician,Dermatology,CA,In-Network
PRV001419,Dr. Skyler Adams,Physician,Pediatrics,TX,Out-of-Network
PRV001420,Dr. Jordan Davis,Physician,Pulmonology,CA,In-Network
PRV001421,Dr. Reese Grant,Physician,Pulmonology,VT,In-Network
PRV001422,Evergreen Medical Clinic,Clinic,Multi-Specialty,NY,In-Network
PRV001423,Riverside Medical Clinic,Clinic,Pediatrics,NC,In-Network
PRV001424,Dr. Blake Morris,Physician,Pulmonology,MD,Out-of-Network
PRV001425,Gateway Medical Center,Hospital,General Acute Care,CA,In-Network
PRV001426,Blue Ridge Imaging Center,Imaging Center,Diagnostic Imaging,TX,Out-of-Network
PRV001427,Dr. Quinn Carter,Physician,Dermatology,MI,In-Network
PRV001428,Gateway Surgery Center,Ambulatory Surgical Center,Ambulatory Surgery,PA,In-Network
PRV001429,Dr. Cameron Ellis,Physician,OB/GYN,CA,In-Network
PRV001430,Evergreen Surgery Center,Ambulatory Surgical Center,Ambulatory Surgery,CT,In-Network
PRV001431,Northstar Surgery Center,Ambulatory Surgical Center,Ambulatory Surgery,CA,Out-of-Network
PRV001432,Northstar Surgery Center,Ambulatory Surgical Center,Ambulatory Surgery,CO,In-Network
PRV001433,Dr. Taylor Morris,Physician,Neurology,PA,In-Network
PRV001434,Dr. Jordan Price,Physician,Pulmonology,CA,In-Network
PRV001435,Dr. Riley Grant,Physician,Cardiology,FL,In-Network
PRV001436,Gateway Surgery Center,Ambulatory Surgical Center,Ambulatory Surgery,CA,In-Network
PRV001437,Dr. Avery Owens,Physician,Pulmonology,NJ,In-Network
PRV001438,Dr. Casey Ellis,Physician,Pediatrics,CA,In-Network
PRV001439,Dr. Drew Nelson,Physician,Primary Care,PA,In-Network
PRV001440,Gateway Surgery Center,Ambulatory Surgical Center,Ambulatory Surgery,SC,In-Network
PRV001441,Riverside Medical Center,Hospital,General Acute Care,NY,In-Network
PRV001442,Dr. Parker Irwin,Physician,Orthopedics,CO,In-Network
PRV001443,Dr. Cameron Ellis,Physician,Cardiology,CA,Out-of-Network
PRV001444,Dr. Avery Price,Physician,Cardiology,CA,In-Network
PRV001445,Dr. Taylor Irwin,Physician,Primary Care,CA,In-Network
PRV001446,Dr. Avery Lewis,Physician,Dermatology,OK,In-Network
PRV001447,Northstar Medical Clinic,Clinic,Multi-Specialty,TN,Out-of-Network
PRV001448,Dr. Jordan Jordan,Physician,Pediatrics,MA,In-Network
PRV001449,Dr. Emerson Davis,Physician,Dermatology,AL,In-Network
PRV001450,Dr. Taylor Hayes,Physician,Cardiology,FL,In-Network
PRV001451,Dr. Casey Davis,Physician,Primary Care,WA,In-Network
PRV001452,Dr. Skyler Morris,Physician,Primary Care,CO,In-Network
PRV001453,Heritage Medical Clinic,Clinic,Multi-Specialty,NH,In-Network
PRV001454,Oak Valley Medical Clinic,Clinic,Pediatrics,NJ,Out-of-Network
PRV001455,Dr. Riley Lewis,Physician,Endocrinology,TX,In-Network
PRV001456,Dr. Parker Bennett,Physician,Primary Care,FL,In-Network
PRV001457,Oak Valley Medical Center,Hospital,General Acute Care,VA,Out-of-Network
PRV001458,Heritage Medical Clinic,Clinic,Multi-Specialty,OH,In-Network
PRV001459,Blue Ridge Imaging Center,Imaging Center,Diagnostic Imaging,PA,In-Network
PRV001460,Dr. Rowan Bennett,Physician,Primary Care,CA,In-Network
PRV001461,Dr. Drew Nelson,Physician,Orthopedics,TX,In-Network
PRV001462,Summit Medical Clinic,Clinic,Multi-Specialty,AK,In-Network
PRV001463,Gateway Urgent Care,Urgent Care,Urgent Care,PA,In-Network
PRV001464,Dr. Avery Irwin,Physician,Neurology,MN,In-Network
PRV001465,Dr. Riley Hayes,Physician,Dermatology,MI,Out-of-Network
PRV001466,Dr. Casey Jordan,Physician,Dermatology,NY,In-Network
PRV001467,Evergreen Clinical Laboratory,Laboratory,Clinical Laboratory,AZ,In-Network
PRV001468,Dr. Jordan Foster,Physician,Orthopedics,IL,In-Network
PRV001469,Blue Ridge Medical Center,Hospital,General Acute Care,IN,In-Network
PRV001470,Dr. Rowan Price,Physician,Dermatology,AZ,In-Network
PRV001471,Dr. Emerson Irwin,Physician,Dermatology,NJ,In-Network
PRV001472,Dr. Taylor Price,Physician,OB/GYN,CA,In-Network
PRV001473,Dr. Emerson Morris,Physician,Pediatrics,AZ,Out-of-Network
PRV001474,Gateway Imaging Center,Imaging Center,Diagnostic Imaging,ID,In-Network
PRV001475,Pioneer Surgery Center,Ambulatory Surgical Center,Ambulatory Surgery,MI,In-Network
PRV001476,Dr. Skyler Foster,Physician,Endocrinology,CA,In-Network
PRV001477,Dr. Taylor Nelson,Physician,Pulmonology,TN,In-Network
PRV001478,Riverside Medical Center,Hospital,General Acute Care,NC,In-Network
PRV001479,Dr. Parker Lewis,Physician,Orthopedics,CA,Out-of-Network
PRV001480,Oak Valley Medical Clinic,Clinic,Primary Care,CT,Out-of-Network
PRV001481,Evergreen Urgent Care,Urgent Care,Urgent Care,NY,In-Network
PRV001482,Dr. Skyler Morris,Physician,Cardiology,GA,In-Network
PRV001483,Dr. Skyler Carter,Physician,Cardiology,OK,In-Network
PRV001484,Dr. Drew Davis,Physician,Endocrinology,OK,Out-of-Network
PRV001485,Heritage Urgent Care,Urgent Care,Urgent Care,CA,In-Network
PRV001486,Pioneer Urgent Care,Urgent Care,Urgent Care,NH,Out-of-Network
PRV001487,Oak Valley Imaging Center,Imaging Center,Diagnostic Imaging,TX,Out-of-Network
PRV001488,Dr. Cameron Carter,Physician,Orthopedics,TN,In-Network
PRV001489,Gateway Clinical Laboratory,Laboratory,Clinical Laboratory,CA,In-Network
PRV001490,Gateway Medical Center,Hospital,General Acute Care,NY,In-Network
PRV001491,Dr. Quinn Hayes,Physician,Orthopedics,FL,In-Network
PRV001492,Lakeside Clinical Laboratory,Laboratory,Clinical Laboratory,AR,In-Network
PRV001493,Cedar Grove Medical Center,Hospital,General Acute Care,IL,In-Network
PRV001494,Northstar Medical Clinic,Clinic,Primary Care,GA,In-Network
PRV001495,Gateway Urgent Care,Urgent Care,Urgent Care,CA,In-Network
PRV001496,Dr. Rowan Adams,Physician,Primary Care,NY,In-Network
PRV001497,Riverside Medical Center,Hospital,General Acute Care,NY,Out-of-Network
PRV001498,Westfield Imaging Center,Imaging Center,Diagnostic Imaging,AZ,Out-of-Network
PRV001499,Heritage Medical Clinic,Clinic,Multi-Specialty,TX,In-Network
PRV001500,Dr. Casey Adams,Physician,Pediatrics,NY,Out-of-Network
PRV001501,Lakeside Medical Clinic,Clinic,Multi-Specialty,MA,In-Network
PRV001502,Heritage Surgery Center,Ambulatory Surgical Center,Ambulatory Surgery,CT,In-Network
PRV001503,Lakeside Surgery Center,Ambulatory Surgical Center,Ambulatory Surgery,GA,In-Network
PRV001504,Cedar Grove Surgery Center,Ambulatory Surgical Center,Ambulatory Surgery,NC,Out-of-Network
PRV001505,Dr. Drew Irwin,Physician,Dermatology,TX,In-Network
PRV001506,Northstar Imaging Center,Imaging Center,Diagnostic Imaging,NJ,In-Network
PRV001507,Oak Valley Medical Clinic,Clinic,Pediatrics,OH,In-Network
PRV001508,Northstar Medical Clinic,Clinic,Women's Health,FL,In-Network
PRV001509,Dr. Drew Ellis,Physician,Neurology,GA,In-Network
PRV001510,Dr. Skyler Adams,Physician,Endocrinology,FL,In-Network
PRV001511,Dr. Riley Davis,Physician,Neurology,CA,In-Network
PRV001512,Dr. Skyler Morris,Physician,Cardiology,MI,In-Network
PRV001513,Summit Medical Center,Hospital,General Acute Care,WA,In-Network
PRV001514,Dr. Jordan Davis,Physician,Dermatology,AZ,In-Network
PRV001515,Dr. Taylor Grant,Physician,Pediatrics,GA,Out-of-Network
PRV001516,Dr. Morgan King,Physician,Gastroenterology,GA,In-Network
PRV001517,Gateway Medical Clinic,Clinic,Women's Health,OH,In-Network
PRV001518,Oak Valley Medical Clinic,Clinic,Multi-Specialty,TX,Out-of-Network
PRV001519,Dr. Hayden Bennett,Physician,Dermatology,FL,In-Network
PRV001520,Dr. Casey Foster,Physician,Gastroenterology,OK,Out-of-Network
PRV001521,Dr. Taylor Davis,Physician,Primary Care,CA,In-Network
PRV001522,Cedar Grove Medical Center,Hospital,General Acute Care,LA,In-Network
PRV001523,Riverside Medical Clinic,Clinic,Multi-Specialty,TX,In-Network
PRV001524,Dr. Riley Foster,Physician,OB/GYN,IN,Out-of-Network
PRV001525,Dr. Skyler Bennett,Physician,Endocrinology,TX,In-Network
PRV001526,Dr. Parker Adams,Physician,Primary Care,TX,In-Network
PRV001527,Dr. Riley Bennett,Physician,OB/GYN,MD,In-Network
PRV001528,Dr. Drew Morris,Physician,Primary Care,TX,In-Network
PRV001529,Dr. Riley Morris,Physician,Primary Care,GA,In-Network
PRV001530,Summit Urgent Care,Urgent Care,Urgent Care,CO,In-Network
PRV001531,Oak Valley Imaging Center,Imaging Center,Diagnostic Imaging,CA,In-Network
PRV001532,Evergreen Medical Center,Hospital,General Acute Care,AZ,In-Network
PRV001533,Dr. Morgan Davis,Physician,Dermatology,OK,In-Network
PRV001534,Dr. Drew Davis,Physician,Endocrinology,GA,In-Network
PRV001535,Summit Medical Center,Hospital,General Acute Care,PA,In-Network
PRV001536,Dr. Morgan Lewis,Physician,Pulmonology,MN,In-Network
PRV001537,Dr. Jordan Hayes,Physician,Orthopedics,MD,In-Network
PRV001538,Dr. Cameron Foster,Physician,Pulmonology,TX,In-Network
PRV001539,Evergreen Medical Clinic,Clinic,Women's Health,TX,In-Network
PRV001540,Westfield Medical Clinic,Clinic,Multi-Specialty,TX,In-Network
PRV001541,Heritage Medical Clinic,Clinic,Pediatrics,FL,In-Network
PRV001542,Dr. Reese Hayes,Physician,Endocrinology,CA,In-Network
PRV001543,Lakeside Medical Center,Hospital,General Acute Care,MO,In-Network
PRV001544,Dr. Avery Bennett,Physician,OB/GYN,CA,In-Network
PRV001545,Dr. Jordan Davis,Physician,Dermatology,CA,In-Network
PRV001546,Lakeside Urgent Care,Urgent Care,Urgent Care,UT,In-Network
PRV001547,Dr. Morgan Carter,Physician,Dermatology,WI,In-Network
PRV001548,Dr. Blake Carter,Physician,Pulmonology,CA,In-Network
PRV001549,Dr. Reese Jordan,Physician,Orthopedics,CA,In-Network
PRV001550,Heritage Surgery Center,Ambulatory Surgical Center,Ambulatory Surgery,NY,Out-of-Network
PRV001551,Dr. Emerson Adams,Physician,Neurology,DE,In-Network
PRV001552,Dr. Hayden Carter,Physician,Cardiology,TX,In-Network
PRV001553,Dr. Emerson Grant,Physician,Gastroenterology,NE,Out-of-Network
PRV001554,Lakeside Medical Clinic,Clinic,Women's Health,FL,Out-of-Network
PRV001555,Gateway Clinical Laboratory,Laboratory,Clinical Laboratory,MD,In-Network
PRV001556,Dr. Hayden Foster,Physician,OB/GYN,TN,Out-of-Network
PRV001557,Dr. Blake King,Physician,Cardiology,SC,In-Network
PRV001558,Dr. Emerson Jordan,Physician,Pediatrics,MN,In-Network
PRV001559,Dr. Hayden Davis,Physician,Pediatrics,TX,In-Network
PRV001560,Dr. Hayden King,Physician,Cardiology,OH,In-Network
PRV001561,Dr. Casey Lewis,Physician,Primary Care,CA,In-Network
PRV001562,Dr. Taylor Carter,Physician,Primary Care,TX,In-Network
PRV001563,Dr. Cameron Nelson,Physician,Endocrinology,TX,In-Network
PRV001564,Dr. Hayden Price,Physician,Orthopedics,NY,In-Network
PRV001565,Dr. Parker Bennett,Physician,Orthopedics,OH,In-Network
PRV001566,Dr. Emerson Lewis,Physician,Pulmonology,OH,Out-of-Network
PRV001567,Dr. Reese Price,Physician,Gastroenterology,GA,In-Network
PRV001568,Dr. Skyler Adams,Physician,Endocrinology,AR,In-Network
PRV001569,Dr. Morgan Grant,Physician,Orthopedics,TX,Out-of-Network
PRV001570,Dr. Reese Hayes,Physician,Dermatology,GA,Out-of-Network
PRV001571,Dr. Rowan Adams,Physician,Dermatology,TX,In-Network
PRV001572,Dr. Taylor Davis,Physician,Pulmonology,IN,Out-of-Network
PRV001573,Gateway Medical Clinic,Clinic,Pediatrics,WA,Out-of-Network
PRV001574,Westfield Medical Clinic,Clinic,Women's Health,CA,In-Network
PRV001575,Gateway Imaging Center,Imaging Center,Diagnostic Imaging,OH,In-Network
PRV001576,Dr. Drew Lewis,Physician,Neurology,AR,In-Network
PRV001577,Westfield Medical Center,Hospital,General Acute Care,AZ,In-Network
PRV001578,Dr. Rowan Irwin,Physician,Cardiology,CA,Out-of-Network
PRV001579,Riverside Medical Center,Hospital,General Acute Care,AZ,Out-of-Network
PRV001580,Dr. Riley Irwin,Physician,Dermatology,MD,In-Network
PRV001581,Heritage Surgery Center,Ambulatory Surgical Center,Ambulatory Surgery,CA,Out-of-Network
PRV001582,Dr. Riley Morris,Physician,Orthopedics,CA,In-Network
PRV001583,Dr. Reese Hayes,Physician,Dermatology,TX,In-Network
PRV001584,Dr. Morgan Price,Physician,OB/GYN,NY,In-Network
PRV001585,Dr. Skyler Adams,Physician,Neurology,GA,In-Network
PRV001586,Lakeside Clinical Laboratory,Laboratory,Clinical Laboratory,NC,In-Network
PRV001587,Evergreen Medical Center,Hospital,General Acute Care,WI,In-Network
PRV001588,Dr. Casey Morris,Physician,Cardiology,AL,Out-of-Network
PRV001589,Westfield Medical Clinic,Clinic,Women's Health,OK,In-Network
PRV001590,Oak Valley Clinical Laboratory,Laboratory,Clinical Laboratory,UT,In-Network
PRV001591,Summit Imaging Center,Imaging Center,Diagnostic Imaging,PA,In-Network
PRV001592,Blue Ridge Imaging Center,Imaging Center,Diagnostic Imaging,IA,Out-of-Network
PRV001593,Blue Ridge Medical Clinic,Clinic,Women's Health,CT,In-Network
PRV001594,Dr. Parker Morris,Physician,Orthopedics,CA,In-Network
PRV001595,Dr. Quinn Jordan,Physician,Endocrinology,TX,In-Network
PRV001596,Dr. Jordan Hayes,Physician,Pulmonology,AZ,Out-of-Network
PRV001597,Dr. Cameron Davis,Physician,Pediatrics,GA,In-Network
PRV001598,Westfield Urgent Care,Urgent Care,Urgent Care,MO,In-Network
PRV001599,Oak Valley Urgent Care,Urgent Care,Urgent Care,TX,Out-of-Network
PRV001600,Dr. Parker Carter,Physician,Primary Care,MN,In-Network
PRV001601,Westfield Medical Clinic,Clinic,Women's Health,CA,In-Network
PRV001602,Dr. Reese Nelson,Physician,Gastroenterology,NC,In-Network
PRV001603,Northstar Surgery Center,Ambulatory Surgical Center,Ambulatory Surgery,TX,In-Network
PRV001604,Pioneer Imaging Center,Imaging Center,Diagnostic Imaging,CA,In-Network
PRV001605,Dr. Casey Bennett,Physician,Cardiology,KY,In-Network
PRV001606,Westfield Urgent Care,Urgent Care,Urgent Care,NY,In-Network
PRV001607,Riverside Medical Center,Hospital,General Acute Care,IA,In-Network
PRV001608,Dr. Hayden King,Physician,Neurology,OH,In-Network
PRV001609,Riverside Medical Clinic,Clinic,Pediatrics,FL,Out-of-Network
PRV001610,Dr. Taylor Bennett,Physician,Neurology,KS,In-Network
PRV001611,Dr. Riley King,Physician,Orthopedics,TX,In-Network
PRV001612,Riverside Clinical Laboratory,Laboratory,Clinical Laboratory,MA,In-Network
PRV001613,Pioneer Surgery Center,Ambulatory Surgical Center,Ambulatory Surgery,KY,Out-of-Network
PRV001614,Westfield Surgery Center,Ambulatory Surgical Center,Ambulatory Surgery,VA,In-Network
PRV001615,Evergreen Urgent Care,Urgent Care,Urgent Care,MD,In-Network
PRV001616,Dr. Taylor King,Physician,Cardiology,IA,In-Network
PRV001617,Northstar Urgent Care,Urgent Care,Urgent Care,CA,In-Network
PRV001618,Dr. Blake Lewis,Physician,Gastroenterology,NY,In-Network
PRV001619,Pioneer Medical Center,Hospital,General Acute Care,NY,Out-of-Network
PRV001620,Northstar Clinical Laboratory,Laboratory,Clinical Laboratory,NC,In-Network
PRV001621,Dr. Riley Morris,Physician,Pediatrics,WI,In-Network
PRV001622,Pioneer Medical Clinic,Clinic,Primary Care,TX,In-Network
PRV001623,Blue Ridge Urgent Care,Urgent Care,Urgent Care,FL,In-Network
PRV001624,Dr. Hayden Hayes,Physician,Neurology,WA,In-Network
PRV001625,Summit Medical Center,Hospital,General Acute Care,MI,Out-of-Network
PRV001626,Summit Medical Center,Hospital,General Acute Care,OK,In-Network
PRV001627,Heritage Medical Center,Hospital,General Acute Care,GA,In-Network
PRV001628,Dr. Riley Hayes,Physician,Pulmonology,MA,Out-of-Network
PRV001629,Dr. Quinn Nelson,Physician,Neurology,WV,In-Network
PRV001630,Westfield Medical Center,Hospital,General Acute Care,SC,Out-of-Network
PRV001631,Gateway Medical Center,Hospital,General Acute Care,OH,In-Network
PRV001632,Dr. Drew Price,Physician,OB/GYN,TX,Out-of-Network
PRV001633,Lakeside Medical Clinic,Clinic,Pediatrics,FL,In-Network
PRV001634,Dr. Blake Irwin,Physician,Cardiology,CA,In-Network
PRV001635,Blue Ridge Medical Clinic,Clinic,Pediatrics,GA,Out-of-Network
PRV001636,Westfield Medical Clinic,Clinic,Multi-Specialty,OH,In-Network
PRV001637,Oak Valley Medical Clinic,Clinic,Pediatrics,TX,Out-of-Network
PRV001638,Dr. Skyler Lewis,Physician,Pulmonology,FL,In-Network
PRV001639,Dr. Rowan Morris,Physician,Neurology,MI,In-Network
PRV001640,Dr. Emerson King,Physician,Pulmonology,OH,In-Network
PRV001641,Dr. Parker Adams,Physician,OB/GYN,NH,Out-of-Network
PRV001642,Dr. Jordan Adams,Physician,Pulmonology,TX,In-Network
PRV001643,Pioneer Medical Clinic,Clinic,Women's Health,WA,In-Network
PRV001644,Oak Valley Surgery Center,Ambulatory Surgical Center,Ambulatory Surgery,AL,In-Network
PRV001645,Gateway Medical Clinic,Clinic,Women's Health,NC,In-Network
PRV001646,Dr. Taylor Morris,Physician,OB/GYN,GA,In-Network
PRV001647,Blue Ridge Surgery Center,Ambulatory Surgical Center,Ambulatory Surgery,MS,Out-of-Network
PRV001648,Dr. Hayden Ellis,Physician,Orthopedics,MI,In-Network
PRV001649,Lakeside Imaging Center,Imaging Center,Diagnostic Imaging,CA,Out-of-Network
PRV001650,Evergreen Medical Clinic,Clinic,Women's Health,CA,In-Network
PRV001651,Dr. Hayden Jordan,Physician,Dermatology,AZ,Out-of-Network
PRV001652,Dr. Blake King,Physician,Pediatrics,KY,In-Network
PRV001653,Gateway Medical Clinic,Clinic,Pediatrics,PA,In-Network
PRV001654,Dr. Skyler Nelson,Physician,Neurology,PA,In-Network
PRV001655,Heritage Urgent Care,Urgent Care,Urgent Care,TX,In-Network
PRV001656,Summit Medical Clinic,Clinic,Pediatrics,MO,In-Network
PRV001657,Dr. Taylor Irwin,Physician,Orthopedics,NC,Out-of-Network
PRV001658,Dr. Hayden Irwin,Physician,Dermatology,CO,In-Network
PRV001659,Dr. Morgan Bennett,Physician,Dermatology,MI,In-Network
PRV001660,Dr. Rowan Carter,Physician,Gastroenterology,NY,In-Network
PRV001661,Cedar Grove Clinical Laboratory,Laboratory,Clinical Laboratory,NV,In-Network
PRV001662,Dr. Emerson Foster,Physician,Pulmonology,CA,In-Network
PRV001663,Dr. Hayden Jordan,Physician,Dermatology,TX,Out-of-Network
PRV001664,Dr. Rowan Carter,Physician,Dermatology,MI,In-Network
PRV001665,Blue Ridge Imaging Center,Imaging Center,Diagnostic Imaging,TX,In-Network
PRV001666,Dr. Taylor Carter,Physician,Primary Care,NY,In-Network
PRV001667,Dr. Blake Irwin,Physician,Gastroenterology,MS,In-Network
PRV001668,Lakeside Medical Clinic,Clinic,Pediatrics,MI,In-Network
PRV001669,Riverside Imaging Center,Imaging Center,Diagnostic Imaging,KY,In-Network
PRV001670,Dr. Hayden Ellis,Physician,Orthopedics,TN,In-Network
PRV001671,Pioneer Medical Clinic,Clinic,Primary Care,NY,In-Network
PRV001672,Pioneer Imaging Center,Imaging Center,Diagnostic Imaging,SC,In-Network
PRV001673,Gateway Medical Center,Hospital,General Acute Care,NC,In-Network
PRV001674,Pioneer Imaging Center,Imaging Center,Diagnostic Imaging,DE,In-Network
PRV001675,Dr. Drew Lewis,Physician,Neurology,CA,In-Network
PRV001676,Dr. Casey Owens,Physician,Pediatrics,CA,In-Network
PRV001677,Dr. Morgan Nelson,Physician,Pulmonology,MI,In-Network
PRV001678,Heritage Medical Center,Hospital,General Acute Care,NY,In-Network
PRV001679,Dr. Drew Hayes,Physician,Pediatrics,NC,In-Network
PRV001680,Dr. Skyler Davis,Physician,Gastroenterology,FL,In-Network
PRV001681,Pioneer Imaging Center,Imaging Center,Diagnostic Imaging,CA,In-Network
PRV001682,Dr. Reese Nelson,Physician,Cardiology,OH,Out-of-Network
PRV001683,Evergreen Medical Clinic,Clinic,Multi-Specialty,CA,In-Network
PRV001684,Evergreen Imaging Center,Imaging Center,Diagnostic Imaging,KY,Out-of-Network
PRV001685,Northstar Medical Clinic,Clinic,Primary Care,IL,In-Network
PRV001686,Lakeside Surgery Center,Ambulatory Surgical Center,Ambulatory Surgery,TN,In-Network
PRV001687,Summit Clinical Laboratory,Laboratory,Clinical Laboratory,CA,In-Network
PRV001688,Dr. Morgan Foster,Physician,Endocrinology,MS,In-Network
PRV001689,Dr. Avery Ellis,Physician,Primary Care,IL,In-Network
PRV001690,Dr. Rowan Davis,Physician,Orthopedics,NH,Out-of-Network
PRV001691,Dr. Hayden Adams,Physician,OB/GYN,GA,In-Network
PRV001692,Cedar Grove Medical Center,Hospital,General Acute Care,FL,In-Network
PRV001693,Evergreen Clinical Laboratory,Laboratory,Clinical Laboratory,OH,In-Network
PRV001694,Northstar Urgent Care,Urgent Care,Urgent Care,TX,Out-of-Network
PRV001695,Blue Ridge Imaging Center,Imaging Center,Diagnostic Imaging,CA,In-Network
PRV001696,Cedar Grove Medical Clinic,Clinic,Multi-Specialty,TX,In-Network
PRV001697,Evergreen Medical Clinic,Clinic,Multi-Specialty,MI,In-Network
PRV001698,Evergreen Medical Center,Hospital,General Acute Care,AZ,In-Network
PRV001699,Dr. Quinn Lewis,Physician,OB/GYN,HI,In-Network
PRV001700,Dr. Avery Davis,Physician,Pediatrics,CA,In-Network
PRV001701,Riverside Clinical Laboratory,Laboratory,Clinical Laboratory,NY,Out-of-Network
PRV001702,Oak Valley Medical Clinic,Clinic,Primary Care,NJ,Out-of-Network
PRV001703,Dr. Skyler Foster,Physician,Cardiology,MI,In-Network
PRV001704,Riverside Medical Clinic,Clinic,Primary Care,TX,In-Network
PRV001705,Dr. Casey Jordan,Physician,OB/GYN,NH,In-Network
PRV001706,Dr. Hayden Nelson,Physician,Pediatrics,OK,In-Network
PRV001707,Dr. Reese Adams,Physician,Neurology,FL,In-Network
PRV001708,Dr. Skyler Nelson,Physician,Cardiology,FL,In-Network
PRV001709,Pioneer Medical Center,Hospital,General Acute Care,CA,In-Network
PRV001710,Dr. Hayden Carter,Physician,Dermatology,WV,In-Network
PRV001711,Blue Ridge Medical Clinic,Clinic,Women's Health,VA,In-Network
PRV001712,Dr. Skyler King,Physician,Dermatology,LA,In-Network
PRV001713,Cedar Grove Clinical Laboratory,Laboratory,Clinical Laboratory,PA,In-Network
PRV001714,Dr. Jordan Hayes,Physician,Endocrinology,RI,In-Network
PRV001715,Northstar Medical Clinic,Clinic,Pediatrics,LA,In-Network
PRV001716,Dr. Cameron Carter,Physician,Pulmonology,MI,In-Network
PRV001717,Dr. Riley Owens,Physician,Cardiology,VA,In-Network
PRV001718,Dr. Drew Irwin,Physician,Pulmonology,NC,In-Network
PRV001719,Cedar Grove Medical Clinic,Clinic,Women's Health,NJ,Out-of-Network
PRV001720,Dr. Jordan Carter,Physician,Neurology,CA,In-Network
PRV001721,Evergreen Medical Clinic,Clinic,Primary Care,CO,Out-of-Network
PRV001722,Dr. Hayden King,Physician,Orthopedics,MI,In-Network
PRV001723,Riverside Imaging Center,Imaging Center,Diagnostic Imaging,FL,In-Network
PRV001724,Dr. Reese King,Physician,Orthopedics,OH,In-Network
PRV001725,Dr. Jordan Grant,Physician,Primary Care,OR,In-Network
PRV001726,Dr. Blake Irwin,Physician,Pulmonology,NC,In-Network
PRV001727,Gateway Imaging Center,Imaging Center,Diagnostic Imaging,NY,In-Network
PRV001728,Northstar Medical Clinic,Clinic,Primary Care,IA,In-Network
PRV001729,Summit Medical Clinic,Clinic,Women's Health,CA,In-Network
PRV001730,Dr. Quinn Morris,Physician,Endocrinology,OH,In-Network
PRV001731,Dr. Morgan Nelson,Physician,Cardiology,NC,In-Network
PRV001732,Dr. Skyler Adams,Physician,Pediatrics,FL,In-Network
PRV001733,Dr. Parker King,Physician,Dermatology,TX,In-Network
PRV001734,Dr. Hayden Davis,Physician,Orthopedics,VA,In-Network
PRV001735,Northstar Medical Clinic,Clinic,Pediatrics,VA,In-Network
PRV001736,Dr. Cameron Nelson,Physician,Gastroenterology,MS,In-Network
PRV001737,Dr. Reese Owens,Physician,Endocrinology,OH,In-Network
PRV001738,Dr. Blake Hayes,Physician,Primary Care,FL,In-Network
PRV001739,Dr. Jordan Jordan,Physician,Neurology,MA,Out-of-Network
PRV001740,Gateway Urgent Care,Urgent Care,Urgent Care,NY,In-Network
PRV001741,Pioneer Urgent Care,Urgent Care,Urgent Care,NC,In-Network
PRV001742,Dr. Reese Irwin,Physician,Pulmonology,CA,In-Network
PRV001743,Dr. Jordan Lewis,Physician,Pulmonology,NJ,Out-of-Network
PRV001744,Dr. Casey Bennett,Physician,Orthopedics,OR,In-Network
PRV001745,Blue Ridge Medical Clinic,Clinic,Primary Care,CA,In-Network
PRV001746,Gateway Surgery Center,Ambulatory Surgical Center,Ambulatory Surgery,SC,In-Network
PRV001747,Dr. Casey King,Physician,Dermatology,IA,In-Network
PRV001748,Dr. Jordan Owens,Physician,Pediatrics,WI,In-Network
PRV001749,Westfield Medical Clinic,Clinic,Pediatrics,SC,In-Network
PRV001750,Dr. Avery Lewis,Physician,Cardiology,NY,In-Network
PRV001751,Dr. Avery Foster,Physician,Endocrinology,MN,Out-of-Network
PRV001752,Lakeside Clinical Laboratory,Laboratory,Clinical Laboratory,OH,In-Network
PRV001753,Northstar Medical Center,Hospital,General Acute Care,MA,In-Network
PRV001754,Dr. Quinn Adams,Physician,Cardiology,NC,In-Network
PRV001755,Heritage Imaging Center,Imaging Center,Diagnostic Imaging,OH,In-Network
PRV001756,Northstar Imaging Center,Imaging Center,Diagnostic Imaging,NC,In-Network
PRV001757,Lakeside Surgery Center,Ambulatory Surgical Center,Ambulatory Surgery,MS,In-Network
PRV001758,Blue Ridge Urgent Care,Urgent Care,Urgent Care,OH,In-Network
PRV001759,Blue Ridge Medical Clinic,Clinic,Primary Care,OH,In-Network
PRV001760,Dr. Taylor Morris,Physician,OB/GYN,GA,In-Network
PRV001761,Dr. Jordan Morris,Physician,Dermatology,NM,Out-of-Network
PRV001762,Summit Imaging Center,Imaging Center,Diagnostic Imaging,NM,In-Network
PRV001763,Dr. Morgan King,Physician,Dermatology,AZ,Out-of-Network
PRV001764,Dr. Parker Nelson,Physician,Orthopedics,TX,In-Network
PRV001765,Dr. Avery King,Physician,Primary Care,MI,In-Network
PRV001766,Dr. Taylor Nelson,Physician,Pulmonology,NY,In-Network
PRV001767,Westfield Clinical Laboratory,Laboratory,Clinical Laboratory,FL,In-Network
PRV001768,Dr. Drew Adams,Physician,Cardiology,GA,In-Network
PRV001769,Lakeside Medical Clinic,Clinic,Women's Health,NC,In-Network
PRV001770,Dr. Rowan Morris,Physician,Neurology,TX,In-Network
PRV001771,Pioneer Medical Clinic,Clinic,Multi-Specialty,CA,In-Network
PRV001772,Northstar Medical Center,Hospital,General Acute Care,PA,In-Network
PRV001773,Dr. Drew King,Physician,Pulmonology,OH,In-Network
PRV001774,Dr. Avery Hayes,Physician,Primary Care,FL,In-Network
PRV001775,Dr. Casey Lewis,Physician,Pediatrics,WY,In-Network
PRV001776,Dr. Blake Foster,Physician,Primary Care,HI,In-Network
PRV001777,Lakeside Medical Clinic,Clinic,Primary Care,WI,In-Network
PRV001778,Riverside Medical Clinic,Clinic,Pediatrics,FL,In-Network
PRV001779,Heritage Medical Center,Hospital,General Acute Care,WA,In-Network
PRV001780,Dr. Casey Hayes,Physician,Pediatrics,WA,In-Network
PRV001781,Westfield Clinical Laboratory,Laboratory,Clinical Laboratory,GA,Out-of-Network
PRV001782,Westfield Medical Clinic,Clinic,Pediatrics,SC,In-Network
PRV001783,Lakeside Surgery Center,Ambulatory Surgical Center,Ambulatory Surgery,MD,In-Network
PRV001784,Dr. Hayden Owens,Physician,Pulmonology,VA,In-Network
PRV001785,Dr. Hayden Davis,Physician,Pediatrics,OH,In-Network
PRV001786,Northstar Medical Clinic,Clinic,Pediatrics,NJ,In-Network
PRV001787,Dr. Drew Ellis,Physician,Pediatrics,NY,In-Network
PRV001788,Summit Medical Center,Hospital,General Acute Care,FL,In-Network
PRV001789,Dr. Casey Lewis,Physician,Primary Care,TX,In-Network
PRV001790,Gateway Surgery Center,Ambulatory Surgical Center,Ambulatory Surgery,MO,In-Network
PRV001791,Dr. Hayden Lewis,Physician,Pediatrics,WI,In-Network
PRV001792,Heritage Urgent Care,Urgent Care,Urgent Care,MS,In-Network
PRV001793,Dr. Cameron Morris,Physician,Dermatology,GA,In-Network
PRV001794,Riverside Medical Center,Hospital,General Acute Care,NY,Out-of-Network
PRV001795,Dr. Jordan Hayes,Physician,Cardiology,NY,In-Network
PRV001796,Dr. Blake Price,Physician,Cardiology,NY,In-Network
PRV001797,Dr. Morgan Irwin,Physician,Endocrinology,TN,Out-of-Network
PRV001798,Summit Surgery Center,Ambulatory Surgical Center,Ambulatory Surgery,MD,In-Network
PRV001799,Lakeside Medical Clinic,Clinic,Multi-Specialty,WA,In-Network
PRV001800,Dr. Reese Jordan,Physician,Cardiology,NJ,In-Network
PRV001801,Dr. Parker Nelson,Physician,Pediatrics,OH,Out-of-Network
PRV001802,Dr. Drew Bennett,Physician,Orthopedics,MI,In-Network
PRV001803,Dr. Taylor Adams,Physician,Pulmonology,IN,In-Network
PRV001804,Dr. Rowan Price,Physician,Endocrinology,CA,In-Network
PRV001805,Dr. Casey Foster,Physician,Cardiology,CA,In-Network
PRV001806,Dr. Taylor Lewis,Physician,OB/GYN,GA,In-Network
PRV001807,Dr. Jordan Owens,Physician,Pediatrics,MO,In-Network
PRV001808,Northstar Medical Clinic,Clinic,Women's Health,DE,In-Network
PRV001809,Dr. Quinn Grant,Physician,OB/GYN,NC,In-Network
PRV001810,Dr. Avery Bennett,Physician,Pulmonology,NC,In-Network
PRV001811,Cedar Grove Clinical Laboratory,Laboratory,Clinical Laboratory,CA,In-Network
PRV001812,Dr. Drew Morris,Physician,Pulmonology,SC,In-Network
PRV001813,Blue Ridge Medical Clinic,Clinic,Pediatrics,GA,Out-of-Network
PRV001814,Westfield Urgent Care,Urgent Care,Urgent Care,WA,In-Network
PRV001815,Evergreen Medical Center,Hospital,General Acute Care,WI,In-Network
PRV001816,Dr. Taylor Price,Physician,Endocrinology,AL,In-Network
PRV001817,Summit Medical Clinic,Clinic,Primary Care,NC,In-Network
PRV001818,Summit Medical Clinic,Clinic,Multi-Specialty,OH,In-Network
PRV001819,Lakeside Clinical Laboratory,Laboratory,Clinical Laboratory,CA,In-Network
PRV001820,Dr. Cameron King,Physician,Endocrinology,AZ,Out-of-Network
PRV001821,Dr. Reese Price,Physician,Orthopedics,MD,In-Network
PRV001822,Oak Valley Clinical Laboratory,Laboratory,Clinical Laboratory,NY,In-Network
PRV001823,Dr. Quinn King,Physician,Neurology,NC,In-Network
PRV001824,Lakeside Imaging Center,Imaging Center,Diagnostic Imaging,LA,In-Network
PRV001825,Cedar Grove Medical Center,Hospital,General Acute Care,CA,In-Network
PRV001826,Dr. Morgan Nelson,Physician,Dermatology,CO,In-Network
PRV001827,Heritage Imaging Center,Imaging Center,Diagnostic Imaging,TX,In-Network
PRV001828,Evergreen Medical Clinic,Clinic,Women's Health,TX,In-Network
PRV001829,Dr. Drew Owens,Physician,Dermatology,CA,Out-of-Network
PRV001830,Westfield Clinical Laboratory,Laboratory,Clinical Laboratory,TX,Out-of-Network
PRV001831,Dr. Quinn Bennett,Physician,Gastroenterology,AK,In-Network
PRV001832,Northstar Medical Clinic,Clinic,Multi-Specialty,TX,In-Network
PRV001833,Northstar Medical Clinic,Clinic,Primary Care,TX,Out-of-Network
PRV001834,Cedar Grove Medical Center,Hospital,General Acute Care,ME,In-Network
PRV001835,Lakeside Medical Center,Hospital,General Acute Care,NC,In-Network
PRV001836,Riverside Imaging Center,Imaging Center,Diagnostic Imaging,IL,In-Network
PRV001837,Heritage Medical Center,Hospital,General Acute Care,AZ,In-Network
PRV001838,Northstar Imaging Center,Imaging Center,Diagnostic Imaging,NJ,In-Network
PRV001839,Dr. Casey Foster,Physician,Orthopedics,TX,In-Network
PRV001840,Westfield Urgent Care,Urgent Care,Urgent Care,IL,In-Network
PRV001841,Blue Ridge Clinical Laboratory,Laboratory,Clinical Laboratory,NC,In-Network
PRV001842,Dr. Skyler Grant,Physician,Neurology,VT,Out-of-Network
PRV001843,Dr. Taylor Irwin,Physician,Dermatology,TX,In-Network
PRV001844,Dr. Riley King,Physician,Cardiology,TN,In-Network
PRV001845,Dr. Hayden Nelson,Physician,Neurology,GA,In-Network
PRV001846,Dr. Skyler Grant,Physician,Pediatrics,FL,In-Network
PRV001847,Evergreen Medical Center,Hospital,General Acute Care,IA,Out-of-Network
PRV001848,Gateway Medical Center,Hospital,General Acute Care,FL,Out-of-Network
PRV001849,Dr. Casey Morris,Physician,Dermatology,MA,Out-of-Network
PRV001850,Pioneer Clinical Laboratory,Laboratory,Clinical Laboratory,NC,Out-of-Network
PRV001851,Blue Ridge Imaging Center,Imaging Center,Diagnostic Imaging,NY,In-Network
PRV001852,Oak Valley Clinical Laboratory,Laboratory,Clinical Laboratory,WI,In-Network
PRV001853,Blue Ridge Medical Clinic,Clinic,Women's Health,AZ,In-Network
PRV001854,Summit Surgery Center,Ambulatory Surgical Center,Ambulatory Surgery,NY,In-Network
PRV001855,Lakeside Medical Clinic,Clinic,Primary Care,CA,In-Network
PRV001856,Cedar Grove Medical Center,Hospital,General Acute Care,NY,Out-of-Network
PRV001857,Dr. Taylor Nelson,Physician,Primary Care,WA,Out-of-Network
PRV001858,Cedar Grove Imaging Center,Imaging Center,Diagnostic Imaging,CA,Out-of-Network
PRV001859,Dr. Rowan Bennett,Physician,Cardiology,OH,Out-of-Network
PRV001860,Lakeside Urgent Care,Urgent Care,Urgent Care,CA,In-Network
PRV001861,Dr. Riley Grant,Physician,Endocrinology,WA,In-Network
PRV001862,Evergreen Medical Center,Hospital,General Acute Care,AZ,In-Network
PRV001863,Dr. Casey Bennett,Physician,Cardiology,NJ,Out-of-Network
PRV001864,Dr. Avery Irwin,Physician,Cardiology,WI,In-Network
PRV001865,Dr. Parker Nelson,Physician,Pulmonology,TX,In-Network
PRV001866,Dr. Taylor Nelson,Physician,Dermatology,CA,Out-of-Network
PRV001867,Dr. Casey Irwin,Physician,Cardiology,MS,In-Network
PRV001868,Dr. Rowan Nelson,Physician,Orthopedics,VA,In-Network
PRV001869,Dr. Quinn Lewis,Physician,Neurology,NC,Out-of-Network
PRV001870,Lakeside Urgent Care,Urgent Care,Urgent Care,MI,In-Network
PRV001871,Riverside Medical Clinic,Clinic,Pediatrics,NY,In-Network
PRV001872,Cedar Grove Urgent Care,Urgent Care,Urgent Care,KS,In-Network
PRV001873,Pioneer Medical Clinic,Clinic,Multi-Specialty,MO,Out-of-Network
PRV001874,Dr. Casey Hayes,Physician,Dermatology,WA,In-Network
PRV001875,Pioneer Imaging Center,Imaging Center,Diagnostic Imaging,WV,In-Network
PRV001876,Riverside Medical Clinic,Clinic,Primary Care,GA,In-Network
PRV001877,Gateway Urgent Care,Urgent Care,Urgent Care,LA,In-Network
PRV001878,Westfield Medical Clinic,Clinic,Multi-Specialty,NJ,In-Network
PRV001879,Dr. Jordan King,Physician,Gastroenterology,WI,Out-of-Network
PRV001880,Blue Ridge Urgent Care,Urgent Care,Urgent Care,FL,In-Network
PRV001881,Dr. Emerson Ellis,Physician,Primary Care,UT,Out-of-Network
PRV001882,Westfield Medical Center,Hospital,General Acute Care,VA,In-Network
PRV001883,Dr. Parker Owens,Physician,OB/GYN,TX,Out-of-Network
PRV001884,Dr. Jordan Hayes,Physician,OB/GYN,TX,In-Network
PRV001885,Dr. Drew King,Physician,Gastroenterology,CA,In-Network
PRV001886,Dr. Riley Lewis,Physician,Endocrinology,ME,In-Network
PRV001887,Westfield Urgent Care,Urgent Care,Urgent Care,AL,In-Network
PRV001888,Dr. Hayden Foster,Physician,OB/GYN,CT,Out-of-Network
PRV001889,Riverside Medical Center,Hospital,General Acute Care,FL,In-Network
PRV001890,Cedar Grove Urgent Care,Urgent Care,Urgent Care,MA,In-Network
PRV001891,Riverside Medical Center,Hospital,General Acute Care,OH,In-Network
PRV001892,Evergreen Medical Center,Hospital,General Acute Care,TX,Out-of-Network
PRV001893,Blue Ridge Imaging Center,Imaging Center,Diagnostic Imaging,MD,Out-of-Network
PRV001894,Oak Valley Urgent Care,Urgent Care,Urgent Care,OR,In-Network
PRV001895,Dr. Rowan Grant,Physician,Gastroenterology,CT,In-Network
PRV001896,Dr. Parker Nelson,Physician,Endocrinology,OH,In-Network
PRV001897,Dr. Drew Carter,Physician,Pulmonology,CA,In-Network
PRV001898,Dr. Hayden Foster,Physician,Endocrinology,OH,In-Network
PRV001899,Dr. Casey Bennett,Physician,Gastroenterology,MD,In-Network
PRV001900,Riverside Medical Center,Hospital,General Acute Care,NE,Out-of-Network
PRV001901,Riverside Medical Clinic,Clinic,Women's Health,NY,In-Network
PRV001902,Dr. Riley King,Physician,Neurology,FL,In-Network
PRV001903,Evergreen Urgent Care,Urgent Care,Urgent Care,WI,In-Network
PRV001904,Dr. Cameron Morris,Physician,Pediatrics,MO,In-Network
PRV001905,Dr. Parker Lewis,Physician,Pediatrics,NV,In-Network
PRV001906,Dr. Blake Irwin,Physician,Dermatology,OR,Out-of-Network
PRV001907,Oak Valley Medical Center,Hospital,General Acute Care,TX,In-Network
PRV001908,Gateway Clinical Laboratory,Laboratory,Clinical Laboratory,MA,In-Network
PRV001909,Dr. Blake Grant,Physician,Dermatology,CA,In-Network
PRV001910,Westfield Medical Clinic,Clinic,Pediatrics,GA,Out-of-Network
PRV001911,Dr. Reese Price,Physician,Pulmonology,CA,In-Network
PRV001912,Dr. Cameron Price,Physician,Orthopedics,FL,In-Network
PRV001913,Dr. Blake King,Physician,Neurology,NY,In-Network
PRV001914,Dr. Blake Davis,Physician,Cardiology,FL,In-Network
PRV001915,Dr. Emerson Nelson,Physician,Neurology,FL,In-Network
PRV001916,Northstar Urgent Care,Urgent Care,Urgent Care,CA,In-Network
PRV001917,Dr. Hayden Irwin,Physician,Orthopedics,CA,In-Network
PRV001918,Pioneer Urgent Care,Urgent Care,Urgent Care,OH,In-Network
PRV001919,Pioneer Clinical Laboratory,Laboratory,Clinical Laboratory,MD,In-Network
PRV001920,Lakeside Medical Clinic,Clinic,Primary Care,FL,In-Network
PRV001921,Pioneer Medical Center,Hospital,General Acute Care,AL,Out-of-Network
PRV001922,Dr. Parker Jordan,Physician,Orthopedics,PA,In-Network
PRV001923,Dr. Cameron Grant,Physician,Dermatology,AZ,In-Network
PRV001924,Dr. Blake Owens,Physician,Dermatology,WA,In-Network
PRV001925,Dr. Riley Davis,Physician,Orthopedics,IN,In-Network
PRV001926,Oak Valley Medical Center,Hospital,General Acute Care,PA,Out-of-Network
PRV001927,Dr. Cameron Bennett,Physician,Cardiology,OK,In-Network
PRV001928,Northstar Medical Clinic,Clinic,Women's Health,NJ,Out-of-Network
PRV001929,Cedar Grove Imaging Center,Imaging Center,Diagnostic Imaging,RI,In-Network
PRV001930,Gateway Clinical Laboratory,Laboratory,Clinical Laboratory,NJ,In-Network
PRV001931,Dr. Casey Foster,Physician,Pediatrics,CA,In-Network
PRV001932,Westfield Clinical Laboratory,Laboratory,Clinical Laboratory,NY,In-Network
PRV001933,Blue Ridge Medical Center,Hospital,General Acute Care,NJ,In-Network
PRV001934,Dr. Reese Carter,Physician,Cardiology,NY,In-Network
PRV001935,Oak Valley Urgent Care,Urgent Care,Urgent Care,CA,Out-of-Network
PRV001936,Dr. Hayden King,Physician,Pulmonology,PA,In-Network
PRV001937,Summit Medical Clinic,Clinic,Pediatrics,TX,In-Network
PRV001938,Dr. Skyler Hayes,Physician,Orthopedics,TX,Out-of-Network
PRV001939,Summit Medical Clinic,Clinic,Primary Care,NC,In-Network
PRV001940,Dr. Drew Owens,Physician,Dermatology,SC,In-Network
PRV001941,Summit Medical Clinic,Clinic,Multi-Specialty,TX,In-Network
PRV001942,Blue Ridge Clinical Laboratory,Laboratory,Clinical Laboratory,TX,Out-of-Network
PRV001943,Dr. Blake Price,Physician,Endocrinology,AZ,In-Network
PRV001944,Heritage Medical Center,Hospital,General Acute Care,MD,In-Network
PRV001945,Lakeside Medical Clinic,Clinic,Pediatrics,IN,Out-of-Network
PRV001946,Dr. Reese King,Physician,Pediatrics,TX,In-Network
PRV001947,Northstar Medical Clinic,Clinic,Women's Health,NM,In-Network
PRV001948,Pioneer Urgent Care,Urgent Care,Urgent Care,FL,Out-of-Network
PRV001949,Northstar Medical Clinic,Clinic,Multi-Specialty,OH,In-Network
PRV001950,Dr. Drew Adams,Physician,Dermatology,FL,In-Network
PRV001951,Dr. Emerson Bennett,Physician,OB/GYN,MA,In-Network
PRV001952,Dr. Blake Jordan,Physician,Pulmonology,WA,Out-of-Network
PRV001953,Dr. Morgan Grant,Physician,OB/GYN,GA,In-Network
PRV001954,Dr. Avery Adams,Physician,Neurology,TX,In-Network
PRV001955,Dr. Rowan Foster,Physician,Endocrinology,FL,In-Network
PRV001956,Lakeside Clinical Laboratory,Laboratory,Clinical Laboratory,AL,Out-of-Network
PRV001957,Oak Valley Medical Clinic,Clinic,Primary Care,OH,In-Network
PRV001958,Dr. Drew Adams,Physician,Cardiology,TX,In-Network
PRV001959,Dr. Emerson Price,Physician,OB/GYN,SC,In-Network
PRV001960,Dr. Taylor Price,Physician,Pediatrics,NC,Out-of-Network
PRV001961,Dr. Skyler Jordan,Physician,Pulmonology,IN,In-Network
PRV001962,Westfield Medical Center,Hospital,General Acute Care,OH,In-Network
PRV001963,Lakeside Medical Center,Hospital,General Acute Care,NC,Out-of-Network
PRV001964,Dr. Riley Bennett,Physician,Neurology,KY,In-Network
PRV001965,Dr. Reese Lewis,Physician,Dermatology,CA,In-Network
PRV001966,Northstar Surgery Center,Ambulatory Surgical Center,Ambulatory Surgery,PA,In-Network
PRV001967,Oak Valley Medical Center,Hospital,General Acute Care,CA,In-Network
PRV001968,Northstar Medical Clinic,Clinic,Women's Health,NV,In-Network
PRV001969,Dr. Riley Foster,Physician,Pulmonology,MA,In-Network
PRV001970,Dr. Riley Grant,Physician,Cardiology,FL,In-Network
PRV001971,Evergreen Medical Clinic,Clinic,Women's Health,TX,In-Network
PRV001972,Summit Surgery Center,Ambulatory Surgical Center,Ambulatory Surgery,FL,In-Network
PRV001973,Northstar Medical Clinic,Clinic,Women's Health,NC,In-Network
PRV001974,Dr. Reese Lewis,Physician,Dermatology,CA,In-Network
PRV001975,Dr. Rowan Davis,Physician,Endocrinology,NC,In-Network
PRV001976,Dr. Taylor Adams,Physician,Pulmonology,MN,In-Network
PRV001977,Dr. Rowan Foster,Physician,OB/GYN,PA,In-Network
PRV001978,Northstar Medical Center,Hospital,General Acute Care,UT,In-Network
PRV001979,Dr. Emerson Davis,Physician,Dermatology,FL,In-Network
PRV001980,Westfield Medical Center,Hospital,General Acute Care,KS,In-Network
PRV001981,Oak Valley Urgent Care,Urgent Care,Urgent Care,TX,Out-of-Network
PRV001982,Dr. Jordan Nelson,Physician,Dermatology,CA,In-Network
PRV001983,Dr. Drew Morris,Physician,Neurology,IN,In-Network
PRV001984,Oak Valley Clinical Laboratory,Laboratory,Clinical Laboratory,KY,In-Network
PRV001985,Dr. Avery Grant,Physician,Endocrinology,WA,In-Network
PRV001986,Dr. Cameron Davis,Physician,Orthopedics,MN,In-Network
PRV001987,Dr. Emerson Bennett,Physician,Neurology,AL,In-Network
PRV001988,Lakeside Imaging Center,Imaging Center,Diagnostic Imaging,PA,Out-of-Network
PRV001989,Summit Medical Clinic,Clinic,Multi-Specialty,AZ,Out-of-Network
PRV001990,Pioneer Imaging Center,Imaging Center,Diagnostic Imaging,CA,In-Network
PRV001991,Oak Valley Urgent Care,Urgent Care,Urgent Care,KS,In-Network
PRV001992,Dr. Reese King,Physician,Neurology,AZ,In-Network
PRV001993,Evergreen Urgent Care,Urgent Care,Urgent Care,VA,In-Network
PRV001994,Summit Medical Clinic,Clinic,Multi-Specialty,TX,In-Network
PRV001995,Pioneer Medical Center,Hospital,General Acute Care,TX,In-Network
PRV001996,Lakeside Surgery Center,Ambulatory Surgical Center,Ambulatory Surgery,CA,Out-of-Network
PRV001997,Oak Valley Surgery Center,Ambulatory Surgical Center,Ambulatory Surgery,WI,In-Network
PRV001998,Dr. Drew Ellis,Physician,Cardiology,PA,In-Network
PRV001999,Dr. Parker Bennett,Physician,Cardiology,GA,In-Network
PRV002000,Dr. Morgan Owens,Physician,Orthopedics,TX,In-Network
PRV002001,Dr. Drew Hayes,Physician,Neurology,OH,In-Network
PRV002002,Westfield Surgery Center,Ambulatory Surgical Center,Ambulatory Surgery,TN,In-Network
PRV002003,Dr. Avery Nelson,Physician,Pulmonology,WA,Out-of-Network
PRV002004,Evergreen Medical Clinic,Clinic,Multi-Specialty,IL,In-Network
PRV002005,Blue Ridge Clinical Laboratory,Laboratory,Clinical Laboratory,CA,In-Network
PRV002006,Lakeside Medical Clinic,Clinic,Multi-Specialty,TX,In-Network
PRV002007,Dr. Drew Davis,Physician,Neurology,AZ,Out-of-Network
PRV002008,Gateway Medical Clinic,Clinic,Multi-Specialty,ND,In-Network
PRV002009,Pioneer Clinical Laboratory,Laboratory,Clinical Laboratory,CA,In-Network
PRV002010,Dr. Emerson Owens,Physician,OB/GYN,MN,In-Network
PRV002011,Dr. Quinn Price,Physician,Cardiology,WI,In-Network
PRV002012,Dr. Cameron Davis,Physician,Pulmonology,IA,Out-of-Network
PRV002013,Dr. Riley Irwin,Physician,Dermatology,IL,Out-of-Network
PRV002014,Dr. Taylor Lewis,Physician,Dermatology,FL,In-Network
PRV002015,Cedar Grove Clinical Laboratory,Laboratory,Clinical Laboratory,ID,In-Network
PRV002016,Dr. Reese Ellis,Physician,Dermatology,NV,Out-of-Network
PRV002017,Dr. Quinn Irwin,Physician,OB/GYN,AR,In-Network
PRV002018,Dr. Hayden Irwin,Physician,Primary Care,OR,In-Network
PRV002019,Summit Medical Clinic,Clinic,Women's Health,PA,In-Network
PRV002020,Dr. Reese Adams,Physician,Pediatrics,MI,In-Network
PRV002021,Cedar Grove Medical Clinic,Clinic,Pediatrics,NV,In-Network
PRV002022,Dr. Rowan Morris,Physician,Endocrinology,NY,Out-of-Network
PRV002023,Riverside Imaging Center,Imaging Center,Diagnostic Imaging,TX,In-Network
PRV002024,Pioneer Medical Clinic,Clinic,Pediatrics,VA,Out-of-Network
PRV002025,Dr. Reese Owens,Physician,Dermatology,NC,In-Network
PRV002026,Blue Ridge Medical Clinic,Clinic,Women's Health,CT,In-Network
PRV002027,Dr. Emerson Price,Physician,Pediatrics,CA,In-Network
PRV002028,Summit Medical Clinic,Clinic,Women's Health,MA,In-Network
PRV002029,Oak Valley Medical Clinic,Clinic,Women's Health,GA,In-Network
PRV002030,Summit Medical Center,Hospital,General Acute Care,AZ,Out-of-Network
PRV002031,Dr. Morgan Foster,Physician,Pediatrics,NY,In-Network
PRV002032,Dr. Quinn Ellis,Physician,Orthopedics,TX,In-Network
PRV002033,Dr. Parker King,Physician,Orthopedics,FL,In-Network
PRV002034,Blue Ridge Medical Clinic,Clinic,Primary Care,FL,In-Network
PRV002035,Dr. Emerson Lewis,Physician,Dermatology,HI,In-Network
PRV002036,Dr. Emerson Price,Physician,Pulmonology,GA,Out-of-Network
PRV002037,Summit Medical Center,Hospital,General Acute Care,TX,Out-of-Network
PRV002038,Dr. Riley Foster,Physician,Orthopedics,AZ,In-Network
PRV002039,Dr. Taylor Irwin,Physician,Neurology,NJ,In-Network
PRV002040,Dr. Drew Price,Physician,Neurology,AL,In-Network
PRV002041,Dr. Avery Grant,Physician,Gastroenterology,GA,In-Network
PRV002042,Westfield Urgent Care,Urgent Care,Urgent Care,SC,Out-of-Network
PRV002043,Evergreen Urgent Care,Urgent Care,Urgent Care,CA,In-Network
PRV002044,Dr. Hayden Foster,Physician,OB/GYN,NY,In-Network
PRV002045,Heritage Clinical Laboratory,Laboratory,Clinical Laboratory,CO,In-Network
PRV002046,Pioneer Medical Center,Hospital,General Acute Care,WA,Out-of-Network
PRV002047,Dr. Emerson King,Physician,Endocrinology,KY,Out-of-Network
PRV002048,Dr. Taylor Irwin,Physician,Endocrinology,NJ,In-Network
PRV002049,Cedar Grove Clinical Laboratory,Laboratory,Clinical Laboratory,CA,In-Network
PRV002050,Dr. Jordan Foster,Physician,Neurology,IL,In-Network
PRV002051,Dr. Skyler Lewis,Physician,Pediatrics,TX,In-Network
PRV002052,Blue Ridge Urgent Care,Urgent Care,Urgent Care,AZ,In-Network
PRV002053,Dr. Jordan Adams,Physician,Dermatology,IN,In-Network
PRV002054,Gateway Urgent Care,Urgent Care,Urgent Care,CA,In-Network
PRV002055,Westfield Urgent Care,Urgent Care,Urgent Care,GA,Out-of-Network
PRV002056,Westfield Imaging Center,Imaging Center,Diagnostic Imaging,CA,In-Network
PRV002057,Dr. Parker Carter,Physician,OB/GYN,RI,In-Network
PRV002058,Gateway Medical Clinic,Clinic,Primary Care,LA,In-Network
PRV002059,Dr. Drew Jordan,Physician,Orthopedics,CA,In-Network
PRV002060,Cedar Grove Medical Center,Hospital,General Acute Care,NY,Out-of-Network
PRV002061,Cedar Grove Medical Center,Hospital,General Acute Care,HI,In-Network
PRV002062,Dr. Casey Nelson,Physician,Pediatrics,WI,In-Network
PRV002063,Dr. Drew Davis,Physician,Endocrinology,CO,In-Network
PRV002064,Riverside Medical Clinic,Clinic,Primary Care,IL,In-Network
PRV002065,Dr. Drew Price,Physician,Cardiology,WA,In-Network
PRV002066,Cedar Grove Medical Clinic,Clinic,Primary Care,MI,In-Network
PRV002067,Dr. Taylor Adams,Physician,Primary Care,CA,Out-of-Network
PRV002068,Dr. Jordan King,Physician,Primary Care,NC,Out-of-Network
PRV002069,Dr. Jordan Carter,Physician,Endocrinology,TX,In-Network
PRV002070,Dr. Emerson Davis,Physician,Neurology,MA,In-Network
PRV002071,Dr. Drew Owens,Physician,Gastroenterology,MA,In-Network
PRV002072,Dr. Taylor Ellis,Physician,Endocrinology,SC,Out-of-Network
PRV002073,Dr. Cameron Grant,Physician,OB/GYN,FL,In-Network
PRV002074,Cedar Grove Urgent Care,Urgent Care,Urgent Care,CA,In-Network
PRV002075,Gateway Surgery Center,Ambulatory Surgical Center,Ambulatory Surgery,MD,In-Network
PRV002076,Summit Imaging Center,Imaging Center,Diagnostic Imaging,CA,In-Network
PRV002077,Dr. Casey Morris,Physician,Orthopedics,MD,In-Network
PRV002078,Oak Valley Urgent Care,Urgent Care,Urgent Care,AZ,In-Network
PRV002079,Dr. Drew Owens,Physician,Gastroenterology,FL,Out-of-Network
PRV002080,Dr. Riley Adams,Physician,Neurology,IL,In-Network
PRV002081,Dr. Cameron Jordan,Physician,Primary Care,CA,In-Network
PRV002082,Dr. Emerson Bennett,Physician,Orthopedics,TN,Out-of-Network
PRV002083,Dr. Parker Nelson,Physician,Pulmonology,AZ,Out-of-Network
PRV002084,Dr. Quinn King,Physician,Cardiology,CO,In-Network
PRV002085,Oak Valley Medical Clinic,Clinic,Women's Health,CA,In-Network
PRV002086,Dr. Emerson Bennett,Physician,Dermatology,CT,In-Network
PRV002087,Dr. Casey Irwin,Physician,Dermatology,IL,In-Network
PRV002088,Dr. Rowan Grant,Physician,Primary Care,WA,In-Network
PRV002089,Blue Ridge Medical Clinic,Clinic,Primary Care,ND,In-Network
PRV002090,Dr. Avery Owens,Physician,Neurology,NY,In-Network
PRV002091,Dr. Casey Adams,Physician,Endocrinology,MI,In-Network
PRV002092,Dr. Quinn Grant,Physician,Gastroenterology,NJ,In-Network
PRV002093,Evergreen Urgent Care,Urgent Care,Urgent Care,CA,In-Network
PRV002094,Dr. Blake Bennett,Physician,OB/GYN,CA,In-Network
PRV002095,Lakeside Medical Clinic,Clinic,Women's Health,CA,In-Network
PRV002096,Lakeside Clinical Laboratory,Laboratory,Clinical Laboratory,NJ,In-Network
PRV002097,Riverside Medical Center,Hospital,General Acute Care,WA,In-Network
PRV002098,Northstar Surgery Center,Ambulatory Surgical Center,Ambulatory Surgery,NJ,In-Network
PRV002099,Blue Ridge Urgent Care,Urgent Care,Urgent Care,CA,In-Network
PRV002100,Dr. Hayden Ellis,Physician,Pulmonology,OR,In-Network
PRV002101,Dr. Taylor Ellis,Physician,Pulmonology,FL,In-Network
PRV002102,Dr. Emerson Morris,Physician,Endocrinology,FL,In-Network
PRV002103,Cedar Grove Medical Center,Hospital,General Acute Care,NY,In-Network
PRV002104,Dr. Jordan Hayes,Physician,Dermatology,TX,In-Network
PRV002105,Dr. Skyler Bennett,Physician,Pediatrics,WI,In-Network
PRV002106,Dr. Taylor Jordan,Physician,Neurology,CA,In-Network
PRV002107,Dr. Blake Price,Physician,OB/GYN,IA,In-Network
PRV002108,Dr. Jordan Davis,Physician,Neurology,GA,In-Network
PRV002109,Oak Valley Clinical Laboratory,Laboratory,Clinical Laboratory,FL,In-Network
PRV002110,Cedar Grove Imaging Center,Imaging Center,Diagnostic Imaging,OK,In-Network
PRV002111,Blue Ridge Clinical Laboratory,Laboratory,Clinical Laboratory,TX,In-Network
PRV002112,Lakeside Imaging Center,Imaging Center,Diagnostic Imaging,TX,In-Network
PRV002113,Blue Ridge Surgery Center,Ambulatory Surgical Center,Ambulatory Surgery,CA,In-Network
PRV002114,Dr. Parker Lewis,Physician,Orthopedics,FL,In-Network
PRV002115,Dr. Jordan Carter,Physician,Pediatrics,TX,In-Network
PRV002116,Dr. Rowan King,Physician,OB/GYN,GA,In-Network
PRV002117,Blue Ridge Clinical Laboratory,Laboratory,Clinical Laboratory,IL,Out-of-Network
PRV002118,Dr. Morgan Lewis,Physician,OB/GYN,GA,In-Network
PRV002119,Cedar Grove Medical Clinic,Clinic,Pediatrics,CA,In-Network
PRV002120,Dr. Emerson Ellis,Physician,Pediatrics,CA,In-Network
PRV002121,Blue Ridge Clinical Laboratory,Laboratory,Clinical Laboratory,CA,Out-of-Network
PRV002122,Gateway Imaging Center,Imaging Center,Diagnostic Imaging,GA,In-Network
PRV002123,Northstar Medical Clinic,Clinic,Pediatrics,AZ,Out-of-Network
PRV002124,Dr. Hayden Lewis,Physician,Gastroenterology,IA,In-Network
PRV002125,Dr. Avery Bennett,Physician,Primary Care,MD,In-Network
PRV002126,Dr. Taylor Price,Physician,Primary Care,MA,In-Network
PRV002127,Evergreen Clinical Laboratory,Laboratory,Clinical Laboratory,VA,In-Network
PRV002128,Dr. Hayden Jordan,Physician,Orthopedics,CT,Out-of-Network
PRV002129,Northstar Surgery Center,Ambulatory Surgical Center,Ambulatory Surgery,PA,Out-of-Network
PRV002130,Dr. Casey Irwin,Physician,Orthopedics,FL,In-Network
PRV002131,Westfield Medical Clinic,Clinic,Multi-Specialty,CA,Out-of-Network
PRV002132,Dr. Riley Jordan,Physician,Pulmonology,CA,In-Network
PRV002133,Dr. Blake Morris,Physician,Neurology,MA,In-Network
PRV002134,Blue Ridge Medical Clinic,Clinic,Women's Health,TX,In-Network
PRV002135,Lakeside Surgery Center,Ambulatory Surgical Center,Ambulatory Surgery,MI,In-Network
PRV002136,Dr. Rowan Adams,Physician,Dermatology,CA,In-Network
PRV002137,Pioneer Medical Clinic,Clinic,Pediatrics,CA,Out-of-Network
PRV002138,Dr. Emerson Adams,Physician,Pediatrics,MO,In-Network
PRV002139,Summit Surgery Center,Ambulatory Surgical Center,Ambulatory Surgery,OK,In-Network
PRV002140,Dr. Taylor Morris,Physician,Endocrinology,CA,Out-of-Network
PRV002141,Cedar Grove Surgery Center,Ambulatory Surgical Center,Ambulatory Surgery,FL,In-Network
PRV002142,Lakeside Medical Clinic,Clinic,Multi-Specialty,NY,In-Network
PRV002143,Dr. Avery Foster,Physician,Primary Care,NY,In-Network
PRV002144,Dr. Emerson Adams,Physician,Orthopedics,SC,In-Network
PRV002145,Dr. Quinn Jordan,Physician,Cardiology,TX,Out-of-Network
PRV002146,Dr. Morgan Grant,Physician,Primary Care,MD,Out-of-Network
PRV002147,Dr. Jordan Davis,Physician,Pediatrics,NC,In-Network
PRV002148,Cedar Grove Medical Clinic,Clinic,Multi-Specialty,MI,In-Network
PRV002149,Dr. Riley Carter,Physician,Pediatrics,CT,Out-of-Network
PRV002150,Blue Ridge Medical Center,Hospital,General Acute Care,MA,In-Network
PRV002151,Dr. Blake Bennett,Physician,Pulmonology,TX,In-Network
PRV002152,Dr. Avery Adams,Physician,Dermatology,NJ,In-Network
PRV002153,Dr. Jordan Irwin,Physician,Endocrinology,FL,In-Network
PRV002154,Dr. Quinn Carter,Physician,Neurology,PA,In-Network
PRV002155,Gateway Medical Center,Hospital,General Acute Care,WA,Out-of-Network
PRV002156,Dr. Cameron Irwin,Physician,Endocrinology,WI,In-Network
PRV002157,Pioneer Medical Clinic,Clinic,Women's Health,NC,In-Network
PRV002158,Summit Imaging Center,Imaging Center,Diagnostic Imaging,CA,In-Network
PRV002159,Dr. Cameron Bennett,Physician,Cardiology,NJ,In-Network
PRV002160,Dr. Rowan Price,Physician,Cardiology,CA,Out-of-Network
PRV002161,Dr. Parker Price,Physician,OB/GYN,NY,In-Network
PRV002162,Dr. Casey Lewis,Physician,Cardiology,OH,In-Network
PRV002163,Dr. Rowan Carter,Physician,Pulmonology,MN,In-Network
PRV002164,Evergreen Medical Center,Hospital,General Acute Care,MT,In-Network
PRV002165,Dr. Drew Carter,Physician,Neurology,TX,In-Network
PRV002166,Northstar Medical Center,Hospital,General Acute Care,IN,In-Network
PRV002167,Dr. Parker Bennett,Physician,Cardiology,OH,In-Network
PRV002168,Dr. Blake King,Physician,Endocrinology,CA,In-Network
PRV002169,Dr. Skyler Irwin,Physician,Dermatology,SC,In-Network
PRV002170,Dr. Skyler Lewis,Physician,Neurology,FL,In-Network
PRV002171,Blue Ridge Medical Clinic,Clinic,Pediatrics,CA,Out-of-Network
PRV002172,Dr. Drew Adams,Physician,Orthopedics,CA,In-Network
PRV002173,Riverside Urgent Care,Urgent Care,Urgent Care,CA,In-Network
PRV002174,Dr. Jordan Price,Physician,OB/GYN,NJ,In-Network
PRV002175,Dr. Skyler Jordan,Physician,Primary Care,NH,In-Network
PRV002176,Westfield Medical Clinic,Clinic,Primary Care,CA,Out-of-Network
PRV002177,Dr. Morgan Davis,Physician,Pediatrics,TX,In-Network
PRV002178,Blue Ridge Medical Clinic,Clinic,Primary Care,FL,Out-of-Network
PRV002179,Oak Valley Surgery Center,Ambulatory Surgical Center,Ambulatory Surgery,TN,In-Network
PRV002180,Dr. Riley Bennett,Physician,Pediatrics,IN,In-Network
PRV002181,Dr. Skyler Nelson,Physician,Cardiology,FL,In-Network
PRV002182,Lakeside Medical Clinic,Clinic,Women's Health,TN,In-Network
PRV002183,Lakeside Surgery Center,Ambulatory Surgical Center,Ambulatory Surgery,TX,Out-of-Network
PRV002184,Dr. Rowan Foster,Physician,Primary Care,IN,Out-of-Network
PRV002185,Dr. Skyler Jordan,Physician,Pediatrics,ME,Out-of-Network
PRV002186,Dr. Taylor Hayes,Physician,Pediatrics,MN,Out-of-Network
PRV002187,Dr. Taylor Foster,Physician,Endocrinology,NY,In-Network
PRV002188,Dr. Avery Irwin,Physician,Cardiology,CO,In-Network
PRV002189,Riverside Medical Clinic,Clinic,Primary Care,AZ,Out-of-Network
PRV002190,Dr. Riley Owens,Physician,Primary Care,TX,In-Network
PRV002191,Westfield Clinical Laboratory,Laboratory,Clinical Laboratory,TX,In-Network
PRV002192,Heritage Medical Clinic,Clinic,Women's Health,IN,In-Network
PRV002193,Dr. Emerson Ellis,Physician,Primary Care,NC,In-Network
PRV002194,Gateway Surgery Center,Ambulatory Surgical Center,Ambulatory Surgery,PA,In-Network
PRV002195,Dr. Quinn Bennett,Physician,Cardiology,MS,In-Network
PRV002196,Summit Medical Clinic,Clinic,Multi-Specialty,TX,In-Network
PRV002197,Dr. Jordan Carter,Physician,Primary Care,IL,In-Network
PRV002198,Pioneer Clinical Laboratory,Laboratory,Clinical Laboratory,TN,In-Network
PRV002199,Riverside Clinical Laboratory,Laboratory,Clinical Laboratory,AR,Out-of-Network
PRV002200,Evergreen Clinical Laboratory,Laboratory,Clinical Laboratory,OH,In-Network
PRV002201,Dr. Parker Adams,Physician,Dermatology,TX,In-Network
PRV002202,Pioneer Urgent Care,Urgent Care,Urgent Care,MS,In-Network
PRV002203,Dr. Morgan Owens,Physician,Endocrinology,MD,In-Network
PRV002204,Dr. Cameron Lewis,Physician,Pediatrics,NV,Out-of-Network
PRV002205,Evergreen Medical Clinic,Clinic,Primary Care,IN,In-Network
PRV002206,Westfield Medical Center,Hospital,General Acute Care,VA,In-Network
PRV002207,Cedar Grove Clinical Laboratory,Laboratory,Clinical Laboratory,AR,Out-of-Network
PRV002208,Dr. Quinn Hayes,Physician,Neurology,MN,In-Network
PRV002209,Dr. Reese Nelson,Physician,Primary Care,MT,In-Network
PRV002210,Dr. Parker Davis,Physician,Pediatrics,TX,In-Network
PRV002211,Dr. Blake Irwin,Physician,Pulmonology,MI,Out-of-Network
PRV002212,Heritage Medical Clinic,Clinic,Primary Care,TN,In-Network
PRV002213,Westfield Medical Clinic,Clinic,Primary Care,MO,Out-of-Network
PRV002214,Dr. Hayden Foster,Physician,Pulmonology,TN,In-Network
PRV002215,Pioneer Medical Clinic,Clinic,Women's Health,TX,In-Network
PRV002216,Northstar Medical Center,Hospital,General Acute Care,MI,In-Network
PRV002217,Evergreen Medical Clinic,Clinic,Pediatrics,CA,In-Network
PRV002218,Summit Imaging Center,Imaging Center,Diagnostic Imaging,MO,In-Network
PRV002219,Dr. Blake Irwin,Physician,Gastroenterology,NY,In-Network
PRV002220,Evergreen Urgent Care,Urgent Care,Urgent Care,LA,In-Network
PRV002221,Dr. Avery Irwin,Physician,Pulmonology,CA,In-Network
PRV002222,Oak Valley Medical Center,Hospital,General Acute Care,TX,In-Network
PRV002223,Cedar Grove Medical Center,Hospital,General Acute Care,MO,In-Network
PRV002224,Summit Medical Center,Hospital,General Acute Care,UT,In-Network
PRV002225,Dr. Drew Jordan,Physician,Dermatology,OK,In-Network
PRV002226,Dr. Blake Carter,Physician,OB/GYN,VA,In-Network
PRV002227,Dr. Quinn Jordan,Physician,Primary Care,CA,In-Network
PRV002228,Dr. Quinn Bennett,Physician,Gastroenterology,NC,In-Network
PRV002229,Northstar Medical Clinic,Clinic,Pediatrics,CA,In-Network
PRV002230,Dr. Avery Irwin,Physician,Primary Care,CA,In-Network
PRV002231,Cedar Grove Medical Center,Hospital,General Acute Care,CA,In-Network
PRV002232,Evergreen Medical Center,Hospital,General Acute Care,OH,In-Network
PRV002233,Dr. Blake Ellis,Physician,Primary Care,TX,In-Network
PRV002234,Blue Ridge Urgent Care,Urgent Care,Urgent Care,OR,In-Network
PRV002235,Lakeside Clinical Laboratory,Laboratory,Clinical Laboratory,NY,Out-of-Network
PRV002236,Dr. Hayden Foster,Physician,Primary Care,TN,In-Network
PRV002237,Cedar Grove Urgent Care,Urgent Care,Urgent Care,CA,In-Network
PRV002238,Dr. Taylor Foster,Physician,Neurology,MI,In-Network
PRV002239,Summit Urgent Care,Urgent Care,Urgent Care,FL,In-Network
PRV002240,Dr. Parker Davis,Physician,Cardiology,FL,In-Network
PRV002241,Gateway Medical Clinic,Clinic,Multi-Specialty,IN,In-Network
PRV002242,Dr. Skyler Ellis,Physician,Pulmonology,GA,In-Network
PRV002243,Dr. Skyler Price,Physician,Gastroenterology,CA,Out-of-Network
PRV002244,Dr. Jordan Morris,Physician,Pediatrics,PA,In-Network
PRV002245,Lakeside Surgery Center,Ambulatory Surgical Center,Ambulatory Surgery,MO,In-Network
PRV002246,Dr. Drew Price,Physician,Pediatrics,MO,In-Network
PRV002247,Heritage Imaging Center,Imaging Center,Diagnostic Imaging,CA,In-Network
PRV002248,Dr. Rowan Jordan,Physician,OB/GYN,CA,In-Network
PRV002249,Evergreen Urgent Care,Urgent Care,Urgent Care,NC,In-Network
PRV002250,Dr. Cameron Carter,Physician,Neurology,TX,In-Network
PRV002251,Dr. Taylor Grant,Physician,Cardiology,VA,In-Network
PRV002252,Dr. Morgan King,Physician,Primary Care,TX,Out-of-Network
PRV002253,Dr. Jordan Irwin,Physician,Dermatology,CT,In-Network
PRV002254,Dr. Avery Nelson,Physician,Dermatology,CA,In-Network
PRV002255,Evergreen Medical Clinic,Clinic,Pediatrics,WA,In-Network
PRV002256,Dr. Avery Ellis,Physician,Primary Care,OH,In-Network
PRV002257,Summit Urgent Care,Urgent Care,Urgent Care,AZ,In-Network
PRV002258,Dr. Cameron Bennett,Physician,Dermatology,AZ,In-Network
PRV002259,Westfield Clinical Laboratory,Laboratory,Clinical Laboratory,MI,In-Network
PRV002260,Northstar Imaging Center,Imaging Center,Diagnostic Imaging,AZ,Out-of-Network
PRV002261,Oak Valley Surgery Center,Ambulatory Surgical Center,Ambulatory Surgery,CA,In-Network
PRV002262,Dr. Riley Davis,Physician,Dermatology,GA,In-Network
PRV002263,Dr. Riley Grant,Physician,Dermatology,NY,Out-of-Network
PRV002264,Dr. Riley Irwin,Physician,Endocrinology,MI,In-Network
PRV002265,Blue Ridge Medical Center,Hospital,General Acute Care,MN,Out-of-Network
PRV002266,Oak Valley Medical Clinic,Clinic,Multi-Specialty,MS,In-Network
PRV002267,Riverside Clinical Laboratory,Laboratory,Clinical Laboratory,OR,In-Network
PRV002268,Dr. Skyler Price,Physician,Endocrinology,MA,In-Network
PRV002269,Dr. Skyler Carter,Physician,Primary Care,TN,In-Network
PRV002270,Dr. Skyler Hayes,Physician,OB/GYN,NE,Out-of-Network
PRV002271,Evergreen Imaging Center,Imaging Center,Diagnostic Imaging,IA,In-Network
PRV002272,Blue Ridge Clinical Laboratory,Laboratory,Clinical Laboratory,WI,Out-of-Network
PRV002273,Gateway Urgent Care,Urgent Care,Urgent Care,NY,Out-of-Network
PRV002274,Evergreen Medical Clinic,Clinic,Women's Health,CA,In-Network
PRV002275,Dr. Avery Owens,Physician,OB/GYN,UT,In-Network
PRV002276,Dr. Drew King,Physician,Endocrinology,NY,In-Network
PRV002277,Dr. Reese Carter,Physician,Endocrinology,CT,In-Network
PRV002278,Dr. Hayden Grant,Physician,OB/GYN,VA,In-Network
PRV002279,Dr. Emerson Price,Physician,Dermatology,MO,Out-of-Network
PRV002280,Dr. Avery Owens,Physician,Dermatology,NV,Out-of-Network
PRV002281,Cedar Grove Surgery Center,Ambulatory Surgical Center,Ambulatory Surgery,TN,Out-of-Network
PRV002282,Summit Medical Clinic,Clinic,Multi-Specialty,NV,In-Network
PRV002283,Dr. Avery Bennett,Physician,Dermatology,TN,In-Network
PRV002284,Dr. Blake Jordan,Physician,Pulmonology,WI,Out-of-Network
PRV002285,Dr. Casey Grant,Physician,Orthopedics,VA,In-Network
PRV002286,Gateway Imaging Center,Imaging Center,Diagnostic Imaging,CA,In-Network
PRV002287,Dr. Emerson Owens,Physician,Pediatrics,TX,Out-of-Network
PRV002288,Dr. Hayden Jordan,Physician,Dermatology,IA,In-Network
PRV002289,Summit Imaging Center,Imaging Center,Diagnostic Imaging,GA,In-Network
PRV002290,Gateway Clinical Laboratory,Laboratory,Clinical Laboratory,CA,In-Network
PRV002291,Cedar Grove Surgery Center,Ambulatory Surgical Center,Ambulatory Surgery,SC,In-Network
PRV002292,Dr. Parker Owens,Physician,Cardiology,FL,In-Network
PRV002293,Oak Valley Medical Center,Hospital,General Acute Care,NC,In-Network
PRV002294,Dr. Skyler Grant,Physician,Orthopedics,NY,Out-of-Network
PRV002295,Dr. Avery Morris,Physician,OB/GYN,IL,In-Network
PRV002296,Dr. Casey Hayes,Physician,Pulmonology,TX,In-Network
PRV002297,Dr. Drew Foster,Physician,Primary Care,TX,In-Network
PRV002298,Summit Medical Clinic,Clinic,Women's Health,CO,In-Network
PRV002299,Blue Ridge Medical Center,Hospital,General Acute Care,CA,In-Network
PRV002300,Dr. Casey Bennett,Physician,Pediatrics,NY,Out-of-Network
PRV002301,Dr. Parker King,Physician,Neurology,IN,In-Network
PRV002302,Pioneer Urgent Care,Urgent Care,Urgent Care,MI,Out-of-Network
PRV002303,Dr. Taylor Nelson,Physician,Primary Care,WA,Out-of-Network
PRV002304,Lakeside Medical Center,Hospital,General Acute Care,FL,In-Network
PRV002305,Dr. Reese Grant,Physician,Orthopedics,KY,In-Network
PRV002306,Dr. Drew Ellis,Physician,OB/GYN,MO,In-Network
PRV002307,Heritage Medical Clinic,Clinic,Pediatrics,ID,Out-of-Network
PRV002308,Heritage Imaging Center,Imaging Center,Diagnostic Imaging,NY,In-Network
PRV002309,Lakeside Medical Clinic,Clinic,Primary Care,IL,In-Network
PRV002310,Cedar Grove Imaging Center,Imaging Center,Diagnostic Imaging,NY,In-Network
PRV002311,Dr. Hayden Morris,Physician,Pulmonology,TX,In-Network
PRV002312,Dr. Reese Morris,Physician,Primary Care,TX,In-Network
PRV002313,Dr. Drew Jordan,Physician,Pulmonology,FL,Out-of-Network
PRV002314,Cedar Grove Medical Clinic,Clinic,Women's Health,FL,In-Network
PRV002315,Dr. Avery Price,Physician,Cardiology,MI,In-Network
PRV002316,Dr. Casey Nelson,Physician,Cardiology,AR,Out-of-Network
PRV002317,Dr. Casey Irwin,Physician,Gastroenterology,NY,In-Network
PRV002318,Northstar Surgery Center,Ambulatory Surgical Center,Ambulatory Surgery,MA,In-Network
PRV002319,Gateway Urgent Care,Urgent Care,Urgent Care,IA,Out-of-Network
PRV002320,Dr. Jordan Owens,Physician,Cardiology,FL,Out-of-Network
PRV002321,Dr. Avery Price,Physician,Gastroenterology,IL,In-Network
PRV002322,Lakeside Medical Clinic,Clinic,Primary Care,NV,In-Network
PRV002323,Dr. Quinn Morris,Physician,OB/GYN,GA,In-Network
PRV002324,Dr. Hayden Morris,Physician,Neurology,OH,In-Network
PRV002325,Oak Valley Medical Center,Hospital,General Acute Care,TX,In-Network
PRV002326,Northstar Urgent Care,Urgent Care,Urgent Care,IL,Out-of-Network
PRV002327,Riverside Surgery Center,Ambulatory Surgical Center,Ambulatory Surgery,CT,Out-of-Network
PRV002328,Dr. Avery King,Physician,Gastroenterology,PA,Out-of-Network
PRV002329,Summit Clinical Laboratory,Laboratory,Clinical Laboratory,CA,In-Network
PRV002330,Dr. Hayden Adams,Physician,Pediatrics,IL,In-Network
PRV002331,Cedar Grove Medical Center,Hospital,General Acute Care,IL,In-Network
PRV002332,Evergreen Imaging Center,Imaging Center,Diagnostic Imaging,CO,In-Network
PRV002333,Northstar Surgery Center,Ambulatory Surgical Center,Ambulatory Surgery,NY,In-Network
PRV002334,Dr. Cameron Hayes,Physician,Neurology,RI,In-Network
PRV002335,Dr. Taylor Price,Physician,Neurology,FL,In-Network
PRV002336,Dr. Jordan Adams,Physician,Neurology,IN,In-Network
PRV002337,Dr. Rowan King,Physician,Orthopedics,NJ,In-Network
PRV002338,Dr. Quinn Nelson,Physician,OB/GYN,VA,In-Network
PRV002339,Dr. Drew Price,Physician,Primary Care,TX,In-Network
PRV002340,Dr. Jordan Ellis,Physician,Neurology,OH,In-Network
PRV002341,Dr. Emerson Adams,Physician,Gastroenterology,MD,Out-of-Network
PRV002342,Dr. Reese Jordan,Physician,Neurology,NM,In-Network
PRV002343,Lakeside Clinical Laboratory,Laboratory,Clinical Laboratory,MD,Out-of-Network
PRV002344,Dr. Avery Ellis,Physician,Gastroenterology,MN,In-Network
PRV002345,Dr. Parker Ellis,Physician,Pediatrics,TX,In-Network
PRV002346,Pioneer Clinical Laboratory,Laboratory,Clinical Laboratory,NC,In-Network
PRV002347,Dr. Reese Nelson,Physician,OB/GYN,FL,Out-of-Network
PRV002348,Cedar Grove Medical Clinic,Clinic,Pediatrics,MN,In-Network
PRV002349,Evergreen Urgent Care,Urgent Care,Urgent Care,TX,In-Network
PRV002350,Dr. Reese King,Physician,Primary Care,CA,Out-of-Network
PRV002351,Dr. Quinn Jordan,Physician,Endocrinology,CA,Out-of-Network
PRV002352,Evergreen Medical Clinic,Clinic,Pediatrics,TX,In-Network
PRV002353,Dr. Taylor Price,Physician,Neurology,ME,In-Network
PRV002354,Dr. Quinn Carter,Physician,Gastroenterology,MI,In-Network
PRV002355,Riverside Imaging Center,Imaging Center,Diagnostic Imaging,TX,Out-of-Network
PRV002356,Dr. Hayden Jordan,Physician,Primary Care,GA,Out-of-Network
PRV002357,Riverside Surgery Center,Ambulatory Surgical Center,Ambulatory Surgery,GA,In-Network
PRV002358,Dr. Quinn Lewis,Physician,Gastroenterology,MN,In-Network
PRV002359,Dr. Drew Adams,Physician,Cardiology,NY,In-Network
PRV002360,Gateway Clinical Laboratory,Laboratory,Clinical Laboratory,NY,In-Network
PRV002361,Dr. Morgan Carter,Physician,Dermatology,SC,In-Network
PRV002362,Dr. Taylor Bennett,Physician,Pediatrics,KS,In-Network
PRV002363,Dr. Parker Irwin,Physician,Gastroenterology,NY,In-Network
PRV002364,Dr. Quinn Nelson,Physician,Cardiology,OR,Out-of-Network
PRV002365,Dr. Hayden Morris,Physician,Pediatrics,IL,In-Network
PRV002366,Westfield Urgent Care,Urgent Care,Urgent Care,SC,In-Network
PRV002367,Dr. Hayden Morris,Physician,Pulmonology,MI,Out-of-Network
PRV002368,Dr. Drew Hayes,Physician,Pulmonology,CA,In-Network
PRV002369,Cedar Grove Imaging Center,Imaging Center,Diagnostic Imaging,IL,In-Network
PRV002370,Oak Valley Imaging Center,Imaging Center,Diagnostic Imaging,MA,In-Network
PRV002371,Summit Surgery Center,Ambulatory Surgical Center,Ambulatory Surgery,CA,Out-of-Network
PRV002372,Dr. Morgan Hayes,Physician,Primary Care,MA,In-Network
PRV002373,Dr. Quinn Carter,Physician,Dermatology,CT,In-Network
PRV002374,Dr. Parker Foster,Physician,Pediatrics,NY,In-Network
PRV002375,Oak Valley Urgent Care,Urgent Care,Urgent Care,OH,Out-of-Network
PRV002376,Dr. Cameron Owens,Physician,Gastroenterology,PA,In-Network
PRV002377,Dr. Blake Grant,Physician,Orthopedics,TN,In-Network
PRV002378,Gateway Medical Center,Hospital,General Acute Care,VT,In-Network
PRV002379,Dr. Casey Adams,Physician,Primary Care,IL,In-Network
PRV002380,Summit Urgent Care,Urgent Care,Urgent Care,CO,Out-of-Network
PRV002381,Dr. Rowan Hayes,Physician,Neurology,NY,In-Network
PRV002382,Heritage Medical Clinic,Clinic,Pediatrics,TX,In-Network
PRV002383,Dr. Morgan Jordan,Physician,Gastroenterology,MO,In-Network
PRV002384,Dr. Skyler Foster,Physician,Orthopedics,GA,In-Network
PRV002385,Summit Clinical Laboratory,Laboratory,Clinical Laboratory,GA,Out-of-Network
PRV002386,Dr. Drew Owens,Physician,Neurology,TX,In-Network
PRV002387,Dr. Jordan Carter,Physician,Neurology,TX,In-Network
PRV002388,Dr. Taylor Bennett,Physician,Pulmonology,TX,Out-of-Network
PRV002389,Dr. Hayden King,Physician,Pediatrics,WA,In-Network
PRV002390,Dr. Reese Owens,Physician,Primary Care,MN,In-Network
PRV002391,Northstar Medical Center,Hospital,General Acute Care,MD,In-Network
PRV002392,Heritage Medical Clinic,Clinic,Pediatrics,CT,In-Network
PRV002393,Dr. Quinn Carter,Physician,Primary Care,TX,Out-of-Network
PRV002394,Evergreen Clinical Laboratory,Laboratory,Clinical Laboratory,NV,Out-of-Network
PRV002395,Dr. Reese Price,Physician,Pulmonology,CA,In-Network
PRV002396,Dr. Riley Morris,Physician,OB/GYN,RI,In-Network
PRV002397,Pioneer Medical Clinic,Clinic,Pediatrics,IL,In-Network
PRV002398,Dr. Jordan Nelson,Physician,Primary Care,NY,In-Network
PRV002399,Dr. Drew Lewis,Physician,Pediatrics,TX,In-Network
PRV002400,Westfield Medical Clinic,Clinic,Multi-Specialty,CA,In-Network
PRV002401,Dr. Blake Price,Physician,Gastroenterology,LA,In-Network
PRV002402,Lakeside Urgent Care,Urgent Care,Urgent Care,TN,In-Network
PRV002403,Blue Ridge Imaging Center,Imaging Center,Diagnostic Imaging,CT,In-Network
PRV002404,Dr. Morgan Carter,Physician,Cardiology,GA,In-Network
PRV002405,Dr. Rowan Owens,Physician,Orthopedics,CA,In-Network
PRV002406,Dr. Morgan Davis,Physician,Cardiology,FL,In-Network
PRV002407,Oak Valley Clinical Laboratory,Laboratory,Clinical Laboratory,NY,In-Network
PRV002408,Oak Valley Urgent Care,Urgent Care,Urgent Care,WV,In-Network
PRV002409,Summit Medical Clinic,Clinic,Women's Health,TN,In-Network
PRV002410,Gateway Surgery Center,Ambulatory Surgical Center,Ambulatory Surgery,CA,In-Network
PRV002411,Dr. Cameron Hayes,Physician,OB/GYN,IL,Out-of-Network
PRV002412,Riverside Medical Center,Hospital,General Acute Care,FL,Out-of-Network
PRV002413,Dr. Emerson Owens,Physician,Orthopedics,MN,In-Network
PRV002414,Dr. Hayden Price,Physician,Pulmonology,RI,In-Network
PRV002415,Dr. Jordan Foster,Physician,Neurology,CA,In-Network
PRV002416,Dr. Skyler Jordan,Physician,Neurology,KY,Out-of-Network
PRV002417,Dr. Jordan Adams,Physician,Pulmonology,CA,In-Network
PRV002418,Dr. Skyler Bennett,Physician,Endocrinology,UT,Out-of-Network
PRV002419,Dr. Skyler Owens,Physician,OB/GYN,FL,In-Network
PRV002420,Blue Ridge Surgery Center,Ambulatory Surgical Center,Ambulatory Surgery,WA,In-Network
PRV002421,Evergreen Medical Center,Hospital,General Acute Care,TX,In-Network
PRV002422,Dr. Drew Jordan,Physician,Dermatology,TX,In-Network
PRV002423,Oak Valley Medical Clinic,Clinic,Primary Care,CA,Out-of-Network
PRV002424,Dr. Riley Adams,Physician,Endocrinology,TX,In-Network
PRV002425,Dr. Avery Hayes,Physician,Cardiology,CA,Out-of-Network
PRV002426,Dr. Casey Hayes,Physician,OB/GYN,IN,In-Network
PRV002427,Heritage Medical Clinic,Clinic,Pediatrics,IN,In-Network
PRV002428,Dr. Blake Foster,Physician,OB/GYN,PA,In-Network
PRV002429,Westfield Clinical Laboratory,Laboratory,Clinical Laboratory,CA,In-Network
PRV002430,Cedar Grove Medical Clinic,Clinic,Pediatrics,OH,Out-of-Network
PRV002431,Pioneer Medical Center,Hospital,General Acute Care,WI,In-Network
PRV002432,Oak Valley Clinical Laboratory,Laboratory,Clinical Laboratory,MN,Out-of-Network
PRV002433,Dr. Casey Jordan,Physician,Cardiology,IL,Out-of-Network
PRV002434,Dr. Rowan Owens,Physician,Pulmonology,OH,In-Network
PRV002435,Cedar Grove Medical Clinic,Clinic,Primary Care,IN,In-Network
PRV002436,Summit Surgery Center,Ambulatory Surgical Center,Ambulatory Surgery,NC,In-Network
PRV002437,Westfield Urgent Care,Urgent Care,Urgent Care,LA,In-Network
PRV002438,Pioneer Medical Clinic,Clinic,Pediatrics,MS,In-Network
PRV002439,Dr. Skyler King,Physician,Endocrinology,NC,In-Network
PRV002440,Pioneer Medical Clinic,Clinic,Pediatrics,MO,In-Network
PRV002441,Riverside Medical Center,Hospital,General Acute Care,GA,In-Network
PRV002442,Dr. Hayden Nelson,Physician,Pediatrics,CA,In-Network
PRV002443,Heritage Medical Clinic,Clinic,Women's Health,TX,In-Network
PRV002444,Dr. Casey Irwin,Physician,OB/GYN,OH,In-Network
PRV002445,Dr. Quinn Adams,Physician,Neurology,AR,In-Network
PRV002446,Westfield Urgent Care,Urgent Care,Urgent Care,WA,In-Network
PRV002447,Dr. Blake Grant,Physician,Primary Care,CA,In-Network
PRV002448,Dr. Avery Ellis,Physician,Orthopedics,NY,In-Network
PRV002449,Dr. Casey Price,Physician,Orthopedics,PA,In-Network
PRV002450,Dr. Morgan Nelson,Physician,Pediatrics,OR,In-Network
PRV002451,Gateway Medical Clinic,Clinic,Multi-Specialty,VA,In-Network
PRV002452,Dr. Rowan Carter,Physician,Primary Care,PA,In-Network
PRV002453,Dr. Reese Hayes,Physician,Endocrinology,MO,In-Network
PRV002454,Dr. Rowan Price,Physician,Cardiology,OR,In-Network
PRV002455,Dr. Taylor Hayes,Physician,Neurology,NV,Out-of-Network
PRV002456,Blue Ridge Medical Center,Hospital,General Acute Care,MI,Out-of-Network
PRV002457,Dr. Avery King,Physician,Cardiology,CA,In-Network
PRV002458,Riverside Medical Center,Hospital,General Acute Care,TN,In-Network
PRV002459,Riverside Medical Center,Hospital,General Acute Care,NC,In-Network
PRV002460,Riverside Clinical Laboratory,Laboratory,Clinical Laboratory,CA,In-Network
PRV002461,Cedar Grove Clinical Laboratory,Laboratory,Clinical Laboratory,IL,In-Network
PRV002462,Evergreen Clinical Laboratory,Laboratory,Clinical Laboratory,NC,Out-of-Network
PRV002463,Dr. Morgan Nelson,Physician,Cardiology,FL,Out-of-Network
PRV002464,Pioneer Medical Clinic,Clinic,Primary Care,CA,Out-of-Network
PRV002465,Dr. Jordan Irwin,Physician,Pulmonology,VA,In-Network
PRV002466,Dr. Emerson Lewis,Physician,Endocrinology,OH,Out-of-Network
PRV002467,Dr. Reese Lewis,Physician,Pulmonology,CA,In-Network
PRV002468,Cedar Grove Medical Center,Hospital,General Acute Care,TN,In-Network
PRV002469,Dr. Riley Hayes,Physician,Cardiology,OH,Out-of-Network
PRV002470,Dr. Drew Grant,Physician,Pulmonology,CT,In-Network
PRV002471,Summit Clinical Laboratory,Laboratory,Clinical Laboratory,TX,In-Network
PRV002472,Dr. Reese Ellis,Physician,Neurology,GA,In-Network
PRV002473,Heritage Surgery Center,Ambulatory Surgical Center,Ambulatory Surgery,IL,In-Network
PRV002474,Dr. Riley King,Physician,Gastroenterology,NC,In-Network
PRV002475,Dr. Parker Lewis,Physician,OB/GYN,IA,Out-of-Network
PRV002476,Dr. Avery Lewis,Physician,Pediatrics,OH,In-Network
PRV002477,Dr. Riley Davis,Physician,Pulmonology,TX,Out-of-Network
PRV002478,Cedar Grove Clinical Laboratory,Laboratory,Clinical Laboratory,OH,In-Network
PRV002479,Dr. Reese Irwin,Physician,Cardiology,GA,In-Network
PRV002480,Dr. Blake King,Physician,Pediatrics,OH,In-Network
PRV002481,Blue Ridge Medical Center,Hospital,General Acute Care,CA,In-Network
PRV002482,Dr. Avery Hayes,Physician,Dermatology,TN,Out-of-Network
PRV002483,Dr. Hayden King,Physician,Gastroenterology,GA,In-Network
PRV002484,Dr. Hayden Hayes,Physician,Pulmonology,GA,In-Network
PRV002485,Westfield Medical Clinic,Clinic,Pediatrics,NY,In-Network
PRV002486,Pioneer Medical Clinic,Clinic,Multi-Specialty,CA,In-Network
PRV002487,Heritage Medical Center,Hospital,General Acute Care,WA,In-Network
PRV002488,Lakeside Clinical Laboratory,Laboratory,Clinical Laboratory,MI,In-Network
PRV002489,Summit Medical Clinic,Clinic,Women's Health,LA,In-Network
PRV002490,Dr. Morgan Grant,Physician,Pulmonology,IN,In-Network
PRV002491,Dr. Jordan Hayes,Physician,Pulmonology,CA,In-Network
PRV002492,Dr. Quinn Adams,Physician,Endocrinology,NC,In-Network
PRV002493,Pioneer Clinical Laboratory,Laboratory,Clinical Laboratory,NC,In-Network
PRV002494,Dr. Reese Morris,Physician,Endocrinology,MS,In-Network
PRV002495,Dr. Riley Lewis,Physician,Pulmonology,TX,In-Network
PRV002496,Dr. Reese Grant,Physician,Neurology,TX,In-Network
PRV002497,Dr. Blake Price,Physician,Pediatrics,FL,Out-of-Network
PRV002498,Gateway Medical Center,Hospital,General Acute Care,MI,In-Network
PRV002499,Dr. Avery Ellis,Physician,Endocrinology,WI,In-Network
PRV002500,Evergreen Medical Center,Hospital,General Acute Care,VA,In-Network
